DATE,intake,avg_price
2025-04-12,114,9363
2025-04-11,177,9440
2025-04-10,181,11062
2025-04-09,159,11624
2025-04-08,177,11194
2025-04-07,218,11858
2025-04-05,134,12279
2025-04-04,169,13254
2025-04-03,170,14291
2025-04-02,127,14170
2025-04-01,137,13460
2025-03-31,132,14063
2025-03-30,0,0
2025-03-29,101,11024
2025-03-28,144,11124
2025-03-27,172,11601
2025-03-26,156,12523
2025-03-25,183,13020
2025-03-24,185,13914
2025-03-23,0,0
2025-03-22,150,12838
2025-03-21,187,12304
2025-03-20,222,12157
2025-03-19,177,14373
2025-03-18,135,15782
2025-03-17,174,14341
2025-03-16,0,0
2025-03-15,99,14452
2025-03-14,173,12902
2025-03-13,157,13844
2025-03-12,180,13194
2025-03-11,187,13160
2025-03-10,192,13867
2025-03-08,163,13358
2025-03-07,231,14679
2025-03-06,229,15538
2025-03-04,160,16803
2025-03-03,136,16434
2025-03-01,84,15875
2025-02-28,114,15837
2025-02-27,122,15119
2025-02-26,117,15488
2025-02-25,127,15213
2025-02-24,105,15532
2025-02-23,0,0
2025-02-22,85,14831
2025-02-21,111,14063
2025-02-20,113,13891
2025-02-19,137,13224
2025-02-18,157,13595
2025-02-17,152,13959
2025-02-16,0,0
2025-02-15,140,13722
2025-02-14,147,14342
2025-02-13,141,15440
2025-02-12,0,0
2025-02-11,152,15132
2025-02-10,143,15136
2025-02-08,72,14577
2025-02-07,85,14980
2025-02-06,104,13938
2025-02-05,137,13944
2025-02-04,117,15041
2025-02-03,100,15437
2025-02-01,68,15951
2025-01-31,0,0
2025-01-30,0,0
2025-01-29,0,0
2025-01-28,27,12634
2025-01-27,85,14861
2025-01-26,0,0
2025-01-25,123,13630
2025-01-24,155,13200
2025-01-23,171,12568
2025-01-22,174,12929
2025-01-21,190,12726
2025-01-20,196,12695
2025-01-19,0,0
2025-01-18,96,13411
2025-01-17,167,13506
2025-01-16,123,14751
2025-01-15,142,14609
2025-01-14,109,14701
2025-01-13,135,14402
2025-01-12,0,0
2025-01-11,67,14728
2025-01-10,116,14097
2025-01-09,161,14175
2025-01-08,135,15849
2025-01-07,151,15198
2025-01-06,168,15386
2025-01-04,115,15956
2025-01-03,114,17471
2025-01-02,0,17295
2025-01-01,0,0
2024-12-31,54,17295
2024-12-30,101,12237
2024-12-29,0,0
2024-12-28,86,11376
2024-12-27,101,11163
2024-12-26,83,11464
2024-12-25,122,10511
2024-12-24,131,11229
2024-12-23,134,11596
2024-12-22,0,0
2024-12-21,91,12148
2024-12-20,94,11843
2024-12-19,137,9730
2024-12-18,72,12517
2024-12-17,164,9363
2024-12-16,121,11615
2024-12-15,0,0
2024-12-14,156,9397
2024-12-13,177,9397
2024-12-12,158,9477
2024-12-11,120,9656
2024-12-10,123,8842
2024-12-09,194,8834
2024-12-07,187,9233
2024-12-06,281,9195
2024-12-05,226,10342
2024-12-04,206,9416
2024-12-03,240,8498
2024-12-02,338,7313
2024-12-01,0,0
2024-11-30,316,8435
2024-11-29,395,9361
2024-11-28,221,13956
2024-11-27,262,10067
2024-11-26,302,9920
2024-11-25,304,9170
2024-11-24,0,0
2024-11-23,404,8031
2024-11-22,377,9430
2024-11-21,316,8656
2024-11-20,321,7489
2024-11-19,298,7130
2024-11-18,375,6806
2024-11-17,0,0
2024-11-16,370,8143
2024-11-15,329,8842
2024-11-14,272,8426
2024-11-13,255,7597
2024-11-12,299,6972
2024-11-11,268,8270
2024-11-09,279,7627
2024-11-08,244,8562
2024-11-07,225,8515
2024-11-06,222,8533
2024-11-05,240,8499
2024-11-04,231,8709
2024-11-02,169,9241
2024-11-01,203,9045
2024-10-31,209,8692
2024-10-30,229,8753
2024-10-29,190,11021
2024-10-28,235,9706
2024-10-27,0,0
2024-10-26,197,10784
2024-10-25,242,10665
2024-10-24,180,12599
2024-10-23,138,15589
2024-10-22,198,15928
2024-10-21,172,16681
2024-10-20,0,0
2024-10-19,161,12803
2024-10-18,228,18809
2024-10-17,216,20866
2024-10-16,163,24031
2024-10-15,190,23515
2024-10-14,162,26759
2024-10-13,0,0
2024-10-12,145,23196
2024-10-11,175,21761
2024-10-10,218,20129
2024-10-09,194,23251
2024-10-08,180,23978
2024-10-07,237,23270
2024-10-05,129,27657
2024-10-04,164,25797
2024-10-03,140,27600
2024-10-02,123,27088
2024-10-01,131,25313
2024-09-30,163,23019
2024-09-29,0,0
2024-09-28,165,19198
2024-09-27,218,21139
2024-09-26,228,19921
2024-09-25,187,24551
2024-09-24,185,25141
2024-09-23,162,35686
2024-09-22,0,0
2024-09-21,156,28933
2024-09-20,275,26568
2024-09-19,0,0
2024-09-17,0,0
2024-09-16,57,29964
2024-09-15,0,0
2024-09-14,147,41483
2024-09-13,170,26069
2024-09-12,274,24291
2024-09-11,296,23295
2024-09-10,364,21359
2024-09-09,330,20724
2024-09-07,225,20785
2024-09-06,265,22691
2024-09-05,237,25733
2024-09-04,222,25007
2024-09-03,249,20771
2024-09-02,224,20901
2024-09-01,0,0
2024-08-31,153,21388
2024-08-30,156,20115
2024-08-29,200,18212
2024-08-28,177,19714
2024-08-27,232,15783
2024-08-26,273,17616
2024-08-25,0,0
2024-08-24,161,19505
2024-08-23,178,18371
2024-08-22,144,17161
2024-08-21,161,16156
2024-08-20,162,15875
2024-08-19,199,15890
2024-08-18,0,0
2024-08-17,125,18176
2024-08-16,128,18359
2024-08-15,152,17259
2024-08-14,129,19262
2024-08-13,169,16265
2024-08-12,193,16866
2024-08-11,0,0
2024-08-10,148,17825
2024-08-09,156,17708
2024-08-08,133,17435
2024-08-07,131,16855
2024-08-06,170,12430
2024-08-05,187,12988
2024-08-02,151,14172
2024-08-01,142,12791
2024-07-31,148,11547
2024-07-30,202,10864
2024-07-29,177,11911
2024-07-28,0,0
2024-07-27,111,13421
2024-07-26,172,10032
2024-07-25,199,9658
2024-07-24,133,12700
2024-07-23,174,11757
2024-07-22,178,11984
2024-07-21,0,0
2024-07-20,127,12380
2024-07-19,114,13641
2024-07-18,118,10717
2024-07-17,126,11181
2024-07-16,191,8330
2024-07-15,181,9394
2024-07-14,0,0
2024-07-13,149,9751
2024-07-12,154,10642
2024-07-11,100,12150
2024-07-10,175,8578
2024-07-09,108,10221
2024-07-08,158,8557
2024-07-06,131,8669
2024-07-05,225,7492
2024-07-04,121,9949
2024-07-03,199,8037
2024-07-02,162,9470
2024-07-01,137,10058
2024-06-30,0,0
2024-06-29,136,9344
2024-06-28,131,8633
2024-06-27,163,6915
2024-06-26,171,6614
2024-06-25,141,7253
2024-06-24,145,6982
2024-06-23,0,0
2024-06-22,111,7328
2024-06-21,118,6947
2024-06-20,183,5631
2024-06-19,158,6137
2024-06-18,179,5936
2024-06-17,133,7108
2024-06-16,0,0
2024-06-15,149,5617
2024-06-14,108,8020
2024-06-13,121,7553
2024-06-12,115,7031
2024-06-11,187,5794
2024-06-10,127,7159
2024-06-08,96,6936
2024-06-07,108,7270
2024-06-06,111,6663
2024-06-05,142,6056
2024-06-04,172,6028
2024-06-03,143,6656
2024-06-01,109,6168
2024-05-31,158,6435
2024-05-30,118,7510
2024-05-29,107,7732
2024-05-28,120,6730
2024-05-27,164,6312
2024-05-26,0,0
2024-05-25,118,6153
2024-05-24,116,6905
2024-05-23,147,5953
2024-05-22,136,5981
2024-05-21,172,5923
2024-05-20,231,6143
2024-05-19,0,0
2024-05-18,99,10448
2024-05-17,151,10520
2024-05-16,144,10641
2024-05-15,156,12229
2024-05-14,159,13012
2024-05-13,159,13776
2024-05-12,0,0
2024-05-11,73,13824
2024-05-10,117,13539
2024-05-09,142,11975
2024-05-08,119,12133
2024-05-07,153,11904
2024-05-06,150,12966
2024-05-04,124,13585
2024-05-03,141,14264
2024-05-02,113,15566
2024-05-01,106,13688
2024-04-30,139,12483
2024-04-29,144,13880
2024-04-28,0,0
2024-04-27,109,14261
2024-04-26,131,14776
2024-04-25,149,13787
2024-04-24,132,14542
2024-04-23,130,14531
2024-04-22,117,15302
2024-04-21,0,0
2024-04-20,103,14259
2024-04-19,131,14787
2024-04-18,108,16355
2024-04-17,128,16339
2024-04-16,140,16020
2024-04-15,145,17378
2024-04-14,0,0
2024-04-13,87,17126
2024-04-12,117,15450
2024-04-11,124,15252
2024-04-10,128,15833
2024-04-09,123,16122
2024-04-08,112,14522
2024-04-06,96,13025
2024-04-05,124,13162
2024-04-04,125,13508
2024-04-03,125,13614
2024-04-02,133,12472
2024-04-01,146,12350
2024-03-31,0,0
2024-03-30,83,12353
2024-03-29,102,12048
2024-03-28,124,11348
2024-03-27,131,11479
2024-03-26,136,11305
2024-03-25,151,11410
2024-03-24,0,0
2024-03-23,103,10789
2024-03-22,134,11331
2024-03-21,138,10996
2024-03-20,126,11405
2024-03-19,135,11271
2024-03-18,120,12148
2024-03-17,0,0
2024-03-16,95,12058
2024-03-15,99,11421
2024-03-14,134,10576
2024-03-13,92,11099
2024-03-12,112,10134
2024-03-11,153,10479
2024-03-09,94,10765
2024-03-08,128,10287
2024-03-07,84,11317
2024-03-06,113,10293
2024-03-05,122,10167
2024-03-04,135,10110
2024-03-02,0,9532
2024-03-01,105,9532
2024-02-29,127,9052
2024-02-28,122,8980
2024-02-27,112,9167
2024-02-26,101,9055
2024-02-25,0,0
2024-02-24,64,9319
2024-02-23,76,8687
2024-02-22,96,8405
2024-02-21,91,8637
2024-02-20,110,8081
2024-02-19,133,9187
2024-02-18,0,0
2024-02-17,61,8164
2024-02-16,114,8389
2024-02-15,93,9112
2024-02-14,78,8308
2024-02-13,61,8519
2024-02-12,0,0
2024-02-11,0,0
2024-02-09,30,4355
2024-02-08,124,6661
2024-02-07,128,6849
2024-02-06,121,7232
2024-02-05,155,6748
2024-02-03,138,6156
2024-02-02,143,6569
2024-02-01,157,6531
2024-01-31,145,7176
2024-01-30,116,6963
2024-01-29,145,6529
2024-01-28,0,0
2024-01-27,75,7201
2024-01-26,91,6632
2024-01-25,55,6580
2024-01-24,81,5414
2024-01-23,147,5990
2024-01-22,138,7138
2024-01-21,0,0
2024-01-20,72,7468
2024-01-19,72,7207
2024-01-18,80,6172
2024-01-17,85,5336
2024-01-16,93,5281
2024-01-15,127,5372
2024-01-14,0,0
2024-01-13,85,5488
2024-01-12,85,5605
2024-01-11,133,5398
2024-01-10,86,6138
2024-01-09,78,6560
2024-01-08,77,6175
2024-01-06,110,5092
2024-01-05,133,5542
2024-01-04,141,5710
2024-01-03,145,6400
2024-01-01,0,0
2023-12-31,0,0
2023-12-30,136,5627
2023-12-29,105,6695
2023-12-28,152,5426
2023-12-27,93,6266
2023-12-26,94,6243
2023-12-25,121,6416
2023-12-24,0,0
2023-12-23,43,6902
2023-12-22,100,6217
2023-12-21,132,6643
2023-12-20,44,8455
2023-12-19,94,5952
2023-12-18,123,6918
2023-12-17,0,0
2023-12-16,35,8459
2023-12-15,115,6177
2023-12-14,74,6818
2023-12-13,120,5376
2023-12-12,97,7037
2023-12-11,97,7007
2023-12-09,156,5403
2023-12-08,188,5546
2023-12-07,191,5590
2023-12-06,188,5970
2023-12-05,233,5721
2023-12-04,296,5746
2023-12-02,11,6541
2023-12-01,264,6541
2023-11-30,257,5725
2023-11-29,196,5385
2023-11-28,199,5218
2023-11-27,262,5152
2023-11-26,0,0
2023-11-25,409,4085
2023-11-24,496,6042
2023-11-23,460,6637
2023-11-22,359,6532
2023-11-21,422,5563
2023-11-20,475,6345
2023-11-19,0,0
2023-11-18,350,9555
2023-11-17,340,9424
2023-11-16,328,7400
2023-11-15,295,6105
2023-11-14,314,5485
2023-11-13,374,5111
2023-11-12,0,0
2023-11-11,344,6018
2023-11-10,368,7152
2023-11-09,343,5712
2023-11-08,365,5711
2023-11-07,182,7477
2023-11-06,262,7143
2023-11-04,0,7374
2023-11-03,238,7374
2023-11-02,131,8482
2023-11-01,185,6490
2023-10-31,179,6790
2023-10-30,184,7391
2023-10-29,0,0
2023-10-28,198,6773
2023-10-27,192,7805
2023-10-26,204,8518
2023-10-25,208,8472
2023-10-24,218,9352
2023-10-23,186,10961
2023-10-22,0,0
2023-10-21,151,9937
2023-10-20,125,12836
2023-10-19,173,9666
2023-10-18,199,9072
2023-10-17,218,9785
2023-10-16,327,9165
2023-10-15,0,0
2023-10-14,192,12238
2023-10-13,198,14296
2023-10-12,169,14589
2023-10-11,196,13807
2023-10-10,207,13567
2023-10-09,227,13811
2023-10-07,186,11722
2023-10-06,199,11904
2023-10-05,234,10682
2023-10-04,236,10557
2023-10-03,228,10322
2023-10-02,173,17844
2023-10-01,0,0
2023-09-30,0,0
2023-09-29,0,0
2023-09-28,41,14715
2023-09-27,231,15696
2023-09-26,329,14855
2023-09-25,374,13016
2023-09-24,0,0
2023-09-23,330,12755
2023-09-22,207,15747
2023-09-21,229,12455
2023-09-20,324,13337
2023-09-19,326,12318
2023-09-18,319,11759
2023-09-17,0,0
2023-09-16,162,16966
2023-09-15,168,16326
2023-09-14,210,13372
2023-09-13,255,11576
2023-09-12,247,12827
2023-09-11,214,15174
2023-09-09,175,13722
2023-09-08,239,10114
2023-09-07,225,11540
2023-09-06,225,11613
2023-09-05,187,11150
2023-09-04,200,12580
2023-09-02,192,10492
2023-09-01,170,9967
2023-08-31,140,9083
2023-08-30,170,8953
2023-08-29,157,10229
2023-08-28,256,10405
2023-08-27,0,0
2023-08-26,128,16343
2023-08-25,103,16660
2023-08-24,165,13714
2023-08-23,187,12984
2023-08-22,193,12647
2023-08-21,193,15189
2023-08-20,0,0
2023-08-19,122,16731
2023-08-18,136,15234
2023-08-17,171,10283
2023-08-16,183,8851
2023-08-15,167,11186
2023-08-14,184,11586
2023-08-13,0,0
2023-08-12,190,7559
2023-08-11,138,9878
2023-08-10,140,20633
2023-08-09,123,17640
2023-08-08,197,11678
2023-08-07,201,14354
2023-08-04,128,18615
2023-08-03,147,14797
2023-08-02,95,16504
2023-08-01,103,16695
2023-07-31,130,14246
2023-07-30,0,0
2023-07-29,83,12175
2023-07-28,85,13992
2023-07-27,103,9667
2023-07-26,145,7311
2023-07-25,145,6471
2023-07-24,131,11583
2023-07-23,0,0
2023-07-22,115,8239
2023-07-21,171,7095
2023-07-20,136,6202
2023-07-19,85,12456
2023-07-18,149,5099
2023-07-17,222,4326
2023-07-16,0,0
2023-07-15,46,14811
2023-07-14,88,7078
2023-07-13,88,8213
2023-07-12,157,5201
2023-07-11,140,6291
2023-07-10,127,8496
2023-07-08,123,3233
2023-07-07,172,4403
2023-07-06,80,10165
2023-07-05,135,5934
2023-07-04,150,4769
2023-07-03,181,5392
2023-07-01,92,7671
2023-06-30,114,7199
2023-06-29,166,6324
2023-06-28,177,6544
2023-06-27,98,11289
2023-06-26,146,8717
2023-06-25,0,0
2023-06-24,85,10032
2023-06-23,176,5174
2023-06-22,98,7157
2023-06-21,97,9906
2023-06-20,128,6831
2023-06-19,128,7311
2023-06-18,0,0
2023-06-17,107,7238
2023-06-16,82,9774
2023-06-15,87,9604
2023-06-14,109,6334
2023-06-13,135,6225
2023-06-12,114,8683
2023-06-11,0,0
2023-06-10,74,9796
2023-06-09,100,8680
2023-06-08,103,8980
2023-06-07,117,7924
2023-06-06,109,9666
2023-06-05,114,9082
2023-06-03,136,5846
2023-06-02,128,8002
2023-06-01,101,10186
2023-05-31,89,8783
2023-05-30,125,6606
2023-05-29,96,10236
2023-05-28,0,0
2023-05-27,73,8146
2023-05-26,118,6129
2023-05-25,156,5503
2023-05-24,137,5976
2023-05-23,139,6415
2023-05-22,181,6473
2023-05-21,0,0
2023-05-20,84,9122
2023-05-19,109,8860
2023-05-18,95,9244
2023-05-17,122,8881
2023-05-16,86,11627
2023-05-15,83,11695
2023-05-14,0,0
2023-05-13,71,7332
2023-05-12,127,7382
2023-05-11,124,7699
2023-05-10,125,7578
2023-05-09,149,8170
2023-05-08,180,8816
2023-05-06,44,15195
2023-05-05,114,9959
2023-05-04,116,10297
2023-05-03,91,11301
2023-05-02,89,9926
2023-05-01,103,8557
2023-04-30,0,0
2023-04-29,83,8753
2023-04-28,104,9198
2023-04-27,84,10882
2023-04-26,78,9356
2023-04-25,82,8554
2023-04-24,103,7918
2023-04-23,0,0
2023-04-22,75,6882
2023-04-21,89,8263
2023-04-20,103,8210
2023-04-19,115,7907
2023-04-18,107,8262
2023-04-17,119,8589
2023-04-16,0,0
2023-04-15,41,8805
2023-04-14,94,8273
2023-04-13,89,8426
2023-04-12,116,8830
2023-04-11,92,8510
2023-04-10,152,8090
2023-04-08,89,9157
2023-04-07,62,10624
2023-04-06,74,9689
2023-04-05,105,8842
2023-04-04,62,10055
2023-04-03,58,9082
2023-04-01,52,7619
2023-03-31,83,6700
2023-03-30,121,6098
2023-03-29,111,6471
2023-03-28,104,7056
2023-03-27,118,6986
2023-03-26,0,0
2023-03-25,61,5829
2023-03-24,124,6812
2023-03-23,113,6802
2023-03-22,96,7507
2023-03-21,88,6881
2023-03-20,129,6617
2023-03-19,0,0
2023-03-18,52,7707
2023-03-17,93,6892
2023-03-16,113,6507
2023-03-15,107,6691
2023-03-14,120,6673
2023-03-13,106,7024
2023-03-12,0,0
2023-03-11,37,7122
2023-03-10,106,6544
2023-03-09,151,6879
2023-03-08,117,7878
2023-03-07,77,8905
2023-03-06,121,7334
2023-03-04,82,7351
2023-03-03,119,7037
2023-03-02,72,6963
2023-03-01,98,6167
2023-02-28,108,6070
2023-02-27,107,6532
2023-02-26,0,0
2023-02-25,60,6072
2023-02-24,97,5550
2023-02-23,88,5919
2023-02-22,81,6020
2023-02-21,125,5686
2023-02-20,106,6399
2023-02-19,0,0
2023-02-18,65,5836
2023-02-17,108,5743
2023-02-16,130,6201
2023-02-15,65,6994
2023-02-14,61,6182
2023-02-13,145,5520
2023-02-12,0,0
2023-02-11,47,6315
2023-02-10,86,5376
2023-02-09,102,5039
2023-02-08,101,4714
2023-02-07,72,5049
2023-02-06,93,4768
2023-02-04,89,4388
2023-02-03,119,4270
2023-02-02,115,4759
2023-02-01,118,5321
2023-01-31,87,6388
2023-01-30,74,6347
2023-01-29,0,0
2023-01-28,60,5913
2023-01-27,66,5924
2023-01-26,15,5014
2023-01-25,47,5014
2023-01-23,0,0
2023-01-22,0,0
2023-01-21,7,3936
2023-01-20,69,3936
2023-01-19,108,3839
2023-01-18,98,4031
2023-01-17,136,3985
2023-01-16,133,4219
2023-01-15,0,0
2023-01-14,42,4103
2023-01-13,123,4240
2023-01-12,102,4094
2023-01-11,84,3889
2023-01-10,68,3753
2023-01-09,149,3673
2023-01-07,70,3934
2023-01-06,106,4120
2023-01-05,98,4199
2023-01-04,95,4200
2023-01-03,119,4382
2023-01-01,0,0
2022-12-31,56,3814
2022-12-30,140,3717
2022-12-29,126,4389
2022-12-28,104,4660
2022-12-27,116,5163
2022-12-26,66,6206
2022-12-25,0,0
2022-12-24,28,4730
2022-12-23,69,4586
2022-12-22,109,4711
2022-12-21,98,5183
2022-12-20,111,4838
2022-12-19,47,6352
2022-12-18,0,0
2022-12-17,53,4823
2022-12-16,59,3959
2022-12-15,66,3154
2022-12-14,138,3845
2022-12-13,131,4281
2022-12-12,151,4651
2022-12-11,0,0
2022-12-10,135,4337
2022-12-09,140,4479
2022-12-08,127,4039
2022-12-07,120,3748
2022-12-06,151,3921
2022-12-05,255,4523
2022-12-03,182,5513
2022-12-02,122,4967
2022-12-01,142,4540
2022-11-30,160,5084
2022-11-29,222,4829
2022-11-28,355,4759
2022-11-27,0,0
2022-11-26,388,5945
2022-11-25,353,5968
2022-11-24,249,5171
2022-11-23,319,4846
2022-11-22,243,3787
2022-11-21,369,4618
2022-11-20,0,0
2022-11-19,429,5715
2022-11-18,376,6588
2022-11-17,353,5306
2022-11-16,333,4886
2022-11-15,307,5151
2022-11-14,372,6042
2022-11-13,0,0
2022-11-12,364,6519
2022-11-11,368,6243
2022-11-10,298,5774
2022-11-09,287,5420
2022-11-08,330,5342
2022-11-07,299,6272
2022-11-05,186,6369
2022-11-04,232,6165
2022-11-03,190,6179
2022-11-02,244,5509
2022-11-01,265,6027
2022-10-31,225,6599
2022-10-30,0,0
2022-10-29,188,6833
2022-10-28,165,7393
2022-10-27,175,7644
2022-10-26,191,7837
2022-10-25,191,8035
2022-10-24,279,8173
2022-10-23,0,0
2022-10-22,195,8362
2022-10-21,215,7534
2022-10-20,202,7862
2022-10-19,192,7982
2022-10-18,212,7844
2022-10-17,269,8111
2022-10-16,0,0
2022-10-15,118,11166
2022-10-14,199,9354
2022-10-13,207,10161
2022-10-12,232,10189
2022-10-11,155,11965
2022-10-10,225,13110
2022-10-08,224,12389
2022-10-07,203,14644
2022-10-06,322,12647
2022-10-05,186,19842
2022-10-04,91,23144
2022-10-03,123,24334
2022-10-01,149,16630
2022-09-30,194,17335
2022-09-29,183,18705
2022-09-28,176,19068
2022-09-27,223,19630
2022-09-26,189,22773
2022-09-25,0,0
2022-09-24,193,21941
2022-09-23,190,23635
2022-09-22,161,25602
2022-09-21,243,26170
2022-09-20,135,30337
2022-09-19,165,29988
2022-09-18,0,0
2022-09-17,144,27100
2022-09-16,193,26042
2022-09-15,187,24383
2022-09-14,176,26905
2022-09-13,167,27438
2022-09-12,0,0
2022-09-11,0,0
2022-09-09,64,15294
2022-09-08,286,22326
2022-09-07,262,20587
2022-09-06,274,23337
2022-09-05,313,22853
2022-09-03,316,21018
2022-09-02,371,21070
2022-09-01,217,21728
2022-08-31,206,19184
2022-08-30,334,17402
2022-08-29,241,21083
2022-08-28,0,0
2022-08-27,230,15701
2022-08-26,232,16428
2022-08-25,252,14303
2022-08-24,234,14280
2022-08-23,188,16832
2022-08-22,248,13248
2022-08-21,0,0
2022-08-20,150,15467
2022-08-19,176,14426
2022-08-18,216,11656
2022-08-17,158,13892
2022-08-16,203,12558
2022-08-15,243,11961
2022-08-14,0,0
2022-08-13,159,13838
2022-08-12,157,11386
2022-08-11,183,15444
2022-08-10,98,16181
2022-08-09,200,11259
2022-08-08,246,11763
2022-08-06,0,14913
2022-08-05,175,14913
2022-08-04,144,13953
2022-08-03,164,12257
2022-08-02,157,15447
2022-08-01,162,15696
2022-07-31,0,0
2022-07-30,142,12399
2022-07-29,155,14328
2022-07-28,120,15696
2022-07-27,152,15155
2022-07-26,143,19868
2022-07-25,169,16617
2022-07-24,0,0
2022-07-23,85,25015
2022-07-22,82,20930
2022-07-21,162,15963
2022-07-20,141,18227
2022-07-19,148,16001
2022-07-18,155,18141
2022-07-17,0,0
2022-07-16,133,15591
2022-07-15,151,13552
2022-07-14,96,15539
2022-07-13,162,11238
2022-07-12,113,14218
2022-07-11,196,10415
2022-07-09,90,11716
2022-07-08,148,8863
2022-07-07,141,11840
2022-07-06,143,9644
2022-07-05,135,9924
2022-07-04,182,8250
2022-07-02,121,8986
2022-07-01,95,10018
2022-06-30,70,11243
2022-06-29,166,7442
2022-06-28,170,8053
2022-06-27,228,7652
2022-06-26,0,0
2022-06-25,95,9755
2022-06-24,192,9079
2022-06-23,150,9807
2022-06-22,161,9592
2022-06-21,172,8962
2022-06-20,135,8837
2022-06-19,0,0
2022-06-18,142,6999
2022-06-17,163,7558
2022-06-16,109,8692
2022-06-15,161,8336
2022-06-14,137,9377
2022-06-13,119,8264
2022-06-12,0,0
2022-06-11,124,6041
2022-06-10,154,7094
2022-06-09,172,7796
2022-06-08,164,8924
2022-06-07,84,9315
2022-06-06,167,8992
2022-06-04,106,10704
2022-06-03,114,9735
2022-06-02,112,8889
2022-06-01,145,8665
2022-05-31,108,9392
2022-05-30,149,7879
2022-05-29,0,0
2022-05-28,96,7533
2022-05-27,110,7640
2022-05-26,132,7278
2022-05-25,118,7525
2022-05-24,138,7840
2022-05-23,187,7183
2022-05-22,0,0
2022-05-21,130,6973
2022-05-20,156,8255
2022-05-19,137,8634
2022-05-18,126,9016
2022-05-17,157,8330
2022-05-16,191,8539
2022-05-15,0,0
2022-05-14,79,9581
2022-05-13,113,8991
2022-05-12,112,8647
2022-05-11,135,8921
2022-05-10,154,9374
2022-05-09,143,9183
2022-05-07,103,10098
2022-05-06,111,10824
2022-05-05,105,10175
2022-05-04,151,8638
2022-05-03,143,9905
2022-05-02,140,10346
2022-05-01,0,0
2022-04-30,79,10381
2022-04-29,118,10171
2022-04-28,155,9747
2022-04-27,123,10937
2022-04-26,138,10262
2022-04-25,140,11003
2022-04-24,0,0
2022-04-23,73,10566
2022-04-22,129,10680
2022-04-21,150,10571
2022-04-20,123,11013
2022-04-19,108,10780
2022-04-18,159,10300
2022-04-17,0,0
2022-04-16,72,10554
2022-04-15,89,10826
2022-04-14,135,9816
2022-04-13,134,10236
2022-04-12,149,10054
2022-04-11,135,10286
2022-04-09,81,9588
2022-04-08,133,10029
2022-04-07,106,10675
2022-04-06,166,9848
2022-04-05,125,10827
2022-04-04,128,10719
2022-04-02,71,10826
2022-04-01,107,10009
2022-03-31,101,10248
2022-03-30,97,10443
2022-03-29,108,9951
2022-03-28,123,9746
2022-03-27,0,0
2022-03-26,77,9707
2022-03-25,96,9500
2022-03-24,102,9078
2022-03-23,134,9301
2022-03-22,97,9377
2022-03-21,99,9688
2022-03-20,0,0
2022-03-19,79,8863
2022-03-18,117,9298
2022-03-17,94,9032
2022-03-16,102,8881
2022-03-15,112,8702
2022-03-14,111,9671
2022-03-13,0,0
2022-03-12,90,9450
2022-03-11,85,9513
2022-03-10,70,8979
2022-03-09,126,8280
2022-03-08,113,8236
2022-03-07,141,7755
2022-03-05,102,8461
2022-03-04,111,8985
2022-03-03,148,8738
2022-03-02,64,9195
2022-03-01,81,8904
2022-02-28,136,8108
2022-02-27,0,0
2022-02-26,91,8995
2022-02-25,81,8904
2022-02-24,95,8511
2022-02-23,130,8373
2022-02-22,67,8800
2022-02-21,162,8279
2022-02-20,0,0
2022-02-19,49,9225
2022-02-18,84,8197
2022-02-17,94,8188
2022-02-16,93,8653
2022-02-15,104,8069
2022-02-14,110,8426
2022-02-13,0,0
2022-02-12,61,8201
2022-02-11,104,8111
2022-02-10,127,8337
2022-02-09,72,8726
2022-02-08,75,8447
2022-02-07,128,7860
2022-02-05,59,8612
2022-02-04,137,8148
2022-01-31,0,0
2022-01-30,11,0
2022-01-29,65,8263
2022-01-28,121,7224
2022-01-27,121,7168
2022-01-26,180,7313
2022-01-25,138,7801
2022-01-24,197,7640
2022-01-23,0,0
2022-01-22,46,8643
2022-01-21,86,7426
2022-01-20,113,7468
2022-01-19,106,7744
2022-01-18,104,7199
2022-01-17,203,7477
2022-01-16,0,0
2022-01-15,71,8454
2022-01-14,101,7513
2022-01-13,87,7980
2022-01-12,77,7926
2022-01-11,84,7463
2022-01-10,116,7403
2022-01-08,45,7719
2022-01-07,86,7129
2022-01-06,130,6689
2022-01-05,144,8168
2022-01-04,98,8410
2022-01-03,61,9051
2022-01-01,0,0
2021-12-31,89,7539
2021-12-30,113,8641
2021-12-29,95,8332
2021-12-28,113,8113
2021-12-27,23,7957
2021-12-26,0,0
2021-12-25,57,7957
2021-12-24,74,7706
2021-12-23,85,7095
2021-12-22,127,6932
2021-12-21,126,7360
2021-12-20,113,7593
2021-12-19,0,0
2021-12-18,45,7771
2021-12-17,89,7471
2021-12-16,115,7188
2021-12-15,118,7580
2021-12-14,118,7879
2021-12-13,91,8497
2021-12-12,0,0
2021-12-11,143,7360
2021-12-10,179,7224
2021-12-09,178,7847
2021-12-08,123,8256
2021-12-07,147,8292
2021-12-06,197,7952
2021-12-04,235,8277
2021-12-03,238,8626
2021-12-02,137,9597
2021-12-01,187,8465
2021-11-30,271,8398
2021-11-29,289,9736
2021-11-28,0,0
2021-11-27,346,9097
2021-11-26,397,9244
2021-11-25,392,9161
2021-11-24,202,10136
2021-11-23,306,8775
2021-11-22,410,9639
2021-11-21,0,0
2021-11-20,452,10500
2021-11-19,516,10758
2021-11-18,407,10806
2021-11-17,444,8257
2021-11-16,408,7797
2021-11-15,552,10020
2021-11-14,0,0
2021-11-13,411,12810
2021-11-12,486,12513
2021-11-11,324,12181
2021-11-10,300,10693
2021-11-09,287,9834
2021-11-08,438,10257
2021-11-06,357,10921
2021-11-05,237,11185
2021-11-04,276,8786
2021-11-03,204,8655
2021-11-02,253,7502
2021-11-01,243,7622
2021-10-31,0,0
2021-10-30,226,7457
2021-10-29,231,7002
2021-10-28,239,6435
2021-10-27,211,6155
2021-10-26,262,5982
2021-10-25,247,6574
2021-10-24,0,0
2021-10-23,160,7456
2021-10-22,184,6466
2021-10-21,231,4664
2021-10-20,232,5021
2021-10-19,199,6045
2021-10-18,159,6506
2021-10-17,0,0
2021-10-16,150,4851
2021-10-15,177,4149
2021-10-14,246,3356
2021-10-13,174,4148
2021-10-12,216,3943
2021-10-11,224,4332
2021-10-09,143,4856
2021-10-08,250,3802
2021-10-07,219,5608
2021-10-06,226,6058
2021-10-05,194,7478
2021-10-04,288,6463
2021-10-02,199,7351
2021-10-01,171,9194
2021-09-30,88,9456
2021-09-29,168,7645
2021-09-28,232,7653
2021-09-27,236,9345
2021-09-26,0,0
2021-09-25,243,10277
2021-09-24,292,10473
2021-09-23,0,0
2021-09-22,0,0
2021-09-20,0,0
2021-09-19,0,0
2021-09-18,117,17849
2021-09-17,261,12154
2021-09-16,266,13106
2021-09-15,264,12890
2021-09-14,295,14096
2021-09-13,314,13396
2021-09-12,0,0
2021-09-11,283,12866
2021-09-10,253,12080
2021-09-09,232,11823
2021-09-08,157,11178
2021-09-07,249,12818
2021-09-06,235,11338
2021-09-04,229,10254
2021-09-03,229,9578
2021-09-02,100,13979
2021-09-01,144,10941
2021-08-31,244,8671
2021-08-30,223,7796
2021-08-29,0,0
2021-08-28,201,8087
2021-08-27,192,9302
2021-08-26,182,8331
2021-08-25,68,12798
2021-08-24,186,9357
2021-08-23,193,9029
2021-08-22,0,0
2021-08-21,156,7690
2021-08-20,197,6703
2021-08-19,142,8554
2021-08-18,112,10555
2021-08-17,189,6649
2021-08-16,162,8586
2021-08-15,0,0
2021-08-14,109,8420
2021-08-13,121,8231
2021-08-12,161,6887
2021-08-11,176,7638
2021-08-10,133,9740
2021-08-09,166,10889
2021-08-06,139,10079
2021-08-05,109,9881
2021-08-04,142,9072
2021-08-03,92,12399
2021-08-02,140,9930
2021-08-01,0,0
2021-07-31,79,11035
2021-07-30,99,8797
2021-07-29,95,8548
2021-07-28,104,8175
2021-07-27,110,7901
2021-07-26,118,7668
2021-07-25,0,0
2021-07-24,98,4295
2021-07-23,141,3801
2021-07-22,126,4612
2021-07-21,153,3361
2021-07-20,122,6541
2021-07-19,161,5039
2021-07-18,0,0
2021-07-17,63,7279
2021-07-16,117,4404
2021-07-15,122,3505
2021-07-14,209,3624
2021-07-13,173,3194
2021-07-12,149,4672
2021-07-11,0,0
2021-07-10,121,4090
2021-07-09,167,4089
2021-07-08,171,4289
2021-07-07,203,4673
2021-07-06,256,3952
2021-07-05,123,8278
2021-07-03,179,4430
2021-07-02,217,3902
2021-07-01,181,4342
2021-06-30,176,4714
2021-06-29,179,5528
2021-06-28,173,5541
2021-06-27,0,0
2021-06-26,110,4963
2021-06-25,148,4147
2021-06-24,167,4963
2021-06-23,154,4851
2021-06-22,149,5494
2021-06-21,158,6041
2021-06-20,0,0
2021-06-19,92,5696
2021-06-18,121,5315
2021-06-17,135,4484
2021-06-16,193,4293
2021-06-15,142,5343
2021-06-14,212,5005
2021-06-13,0,0
2021-06-12,43,7248
2021-06-11,130,5963
2021-06-10,80,6968
2021-06-09,140,5392
2021-06-08,118,5559
2021-06-07,125,7320
2021-06-05,130,4918
2021-06-04,83,7782
2021-06-03,116,6383
2021-06-02,118,5634
2021-06-01,163,6075
2021-05-31,129,6887
2021-05-30,0,0
2021-05-29,106,5079
2021-05-28,107,6294
2021-05-27,102,5786
2021-05-26,118,4564
2021-05-25,138,5121
2021-05-24,165,5420
2021-05-23,0,0
2021-05-22,117,5079
2021-05-21,89,7185
2021-05-20,104,5497
2021-05-19,99,4606
2021-05-18,148,4109
2021-05-17,109,5819
2021-05-16,0,0
2021-05-15,73,4976
2021-05-14,146,3456
2021-05-13,123,3409
2021-05-12,153,4308
2021-05-11,175,5138
2021-05-10,184,6057
2021-05-08,74,6713
2021-05-07,102,6546
2021-05-06,115,5967
2021-05-05,133,6010
2021-05-04,144,6606
2021-05-03,140,7342
2021-05-01,75,6816
2021-04-30,115,7868
2021-04-29,147,7767
2021-04-28,120,9383
2021-04-27,115,9561
2021-04-26,131,9381
2021-04-25,0,0
2021-04-24,69,9576
2021-04-23,99,9252
2021-04-22,75,9047
2021-04-21,101,9136
2021-04-20,130,8707
2021-04-19,139,10075
2021-04-18,0,0
2021-04-17,31,9573
2021-04-16,106,9132
2021-04-15,130,8239
2021-04-14,154,8827
2021-04-13,80,10269
2021-04-12,180,8920
2021-04-11,0,0
2021-04-10,64,10230
2021-04-09,94,9537
2021-04-08,80,8422
2021-04-07,116,8844
2021-04-06,116,9776
2021-04-05,157,9681
2021-04-03,46,10132
2021-04-02,98,9750
2021-04-01,102,9725
2021-03-31,86,9522
2021-03-30,112,9028
2021-03-29,148,9774
2021-03-28,0,0
2021-03-27,45,8992
2021-03-26,85,9682
2021-03-25,115,8979
2021-03-24,96,9938
2021-03-23,118,8740
2021-03-22,152,9878
2021-03-21,0,0
2021-03-20,25,10049
2021-03-19,51,8653
2021-03-18,100,8558
2021-03-17,107,9404
2021-03-16,104,9497
2021-03-15,136,9737
2021-03-14,0,0
2021-03-13,15,9655
2021-03-12,117,9655
2021-03-11,112,8900
2021-03-10,90,10004
2021-03-09,106,9569
2021-03-08,181,9504
2021-03-06,27,10200
2021-03-05,79,8879
2021-03-04,80,9182
2021-03-03,60,9403
2021-03-02,124,7961
2021-03-01,115,9096
2021-02-28,0,0
2021-02-27,71,8697
2021-02-26,93,9526
2021-02-25,114,8799
2021-02-24,131,8835
2021-02-23,101,8954
2021-02-22,156,8555
2021-02-21,0,0
2021-02-20,72,9539
2021-02-19,56,10337
2021-02-18,42,9394
2021-02-17,72,8483
2021-02-16,76,7700
2021-02-15,79,6922
2021-02-14,0,0
2021-02-13,0,0
2021-02-12,0,0
2021-02-11,7,6569
2021-02-10,108,6569
2021-02-09,89,7444
2021-02-08,147,6675
2021-02-06,75,5969
2021-02-05,102,6123
2021-02-04,121,5925
2021-02-03,125,6038
2021-02-02,129,5120
2021-02-01,144,6813
2021-01-31,0,0
2021-01-30,45,6012
2021-01-29,150,6131
2021-01-28,154,6846
2021-01-27,79,6924
2021-01-26,132,5967
2021-01-25,76,5792
2021-01-24,0,0
2021-01-23,51,4852
2021-01-22,116,4080
2021-01-21,92,4168
2021-01-20,107,4704
2021-01-19,87,5527
2021-01-18,124,5201
2021-01-17,0,0
2021-01-16,81,5025
2021-01-15,84,5057
2021-01-14,106,4605
2021-01-13,35,5117
2021-01-12,98,4230
2021-01-11,44,4675
2021-01-09,2,2283
2021-01-08,33,2283
2021-01-07,54,3707
2021-01-06,144,3663
2021-01-05,128,3892
2021-01-04,103,4063
2021-01-01,0,0
2020-12-31,35,2610
2020-12-30,190,3551
2020-12-29,95,3873
2020-12-28,99,3748
2020-12-27,0,0
2020-12-26,38,3369
2020-12-25,95,3178
2020-12-24,75,3418
2020-12-23,137,2995
2020-12-22,104,3248
2020-12-21,146,3738
2020-12-20,0,0
2020-12-19,75,3794
2020-12-18,52,3570
2020-12-17,35,3314
2020-12-16,44,3439
2020-12-15,99,3755
2020-12-14,31,4537
2020-12-13,0,0
2020-12-12,109,4078
2020-12-11,150,3770
2020-12-10,96,3652
2020-12-09,167,2722
2020-12-08,136,3986
2020-12-07,208,4153
2020-12-05,231,4687
2020-12-04,254,5192
2020-12-03,147,5184
2020-12-02,183,3295
2020-12-01,206,3149
2020-11-30,306,3807
2020-11-29,0,0
2020-11-28,349,5525
2020-11-27,423,6333
2020-11-26,416,5589
2020-11-25,354,5126
2020-11-24,382,5111
2020-11-23,500,6127
2020-11-22,0,0
2020-11-21,499,6715
2020-11-20,240,8101
2020-11-19,309,7491
2020-11-18,378,6206
2020-11-17,408,5806
2020-11-16,434,5698
2020-11-15,0,0
2020-11-14,400,6610
2020-11-13,318,7638
2020-11-12,292,6388
2020-11-11,288,6131
2020-11-10,237,6140
2020-11-09,260,5676
2020-11-07,258,5160
2020-11-06,266,6262
2020-11-05,172,6096
2020-11-04,218,5419
2020-11-03,237,5659
2020-11-02,228,5646
2020-11-01,0,0
2020-10-31,211,4969
2020-10-30,239,5319
2020-10-29,229,5498
2020-10-28,244,5587
2020-10-27,203,6344
2020-10-26,248,6472
2020-10-25,0,0
2020-10-24,199,5931
2020-10-23,288,6266
2020-10-22,284,6629
2020-10-21,238,6987
2020-10-20,269,7265
2020-10-19,274,7579
2020-10-18,0,0
2020-10-17,208,7274
2020-10-16,222,7613
2020-10-15,208,8461
2020-10-14,242,7746
2020-10-13,269,8152
2020-10-12,279,11539
2020-10-11,0,0
2020-10-10,166,10813
2020-10-09,253,13586
2020-10-08,239,16759
2020-10-07,250,19681
2020-10-06,283,19259
2020-10-05,300,21809
2020-10-01,0,0
2020-09-30,51,21288
2020-09-29,354,24254
2020-09-28,391,23954
2020-09-27,0,0
2020-09-26,270,24574
2020-09-25,289,24978
2020-09-24,300,25277
2020-09-23,357,24802
2020-09-22,263,25638
2020-09-21,349,24596
2020-09-20,0,0
2020-09-19,205,25748
2020-09-18,265,24427
2020-09-17,236,26957
2020-09-16,262,26632
2020-09-15,207,27773
2020-09-14,168,28889
2020-09-13,0,0
2020-09-12,138,24079
2020-09-11,160,22062
2020-09-10,162,21610
2020-09-09,172,21144
2020-09-08,105,25900
2020-09-07,155,22090
2020-09-05,154,16649
2020-09-04,136,17438
2020-09-03,90,24797
2020-09-02,156,15842
2020-09-01,198,12637
2020-08-31,246,14626
2020-08-30,0,0
2020-08-29,119,17533
2020-08-28,121,21647
2020-08-27,116,21565
2020-08-26,141,17650
2020-08-25,160,19340
2020-08-24,146,21538
2020-08-23,0,0
2020-08-22,94,18277
2020-08-21,148,15390
2020-08-20,132,17953
2020-08-19,157,15857
2020-08-18,113,18256
2020-08-17,117,21613
2020-08-16,0,0
2020-08-15,128,16909
2020-08-14,137,16960
2020-08-13,146,16148
2020-08-12,159,14744
2020-08-11,154,15499
2020-08-10,216,12304
2020-08-08,161,13169
2020-08-07,102,14016
2020-08-06,149,11004
2020-08-05,155,11911
2020-08-04,115,11589
2020-08-03,179,12378
2020-08-01,0,0
2020-07-31,119,15331
2020-07-30,112,11432
2020-07-29,135,10512
2020-07-28,174,10520
2020-07-27,218,9636
2020-07-26,0,0
2020-07-25,77,13388
2020-07-24,130,13307
2020-07-23,125,10225
2020-07-22,169,10149
2020-07-21,117,15898
2020-07-20,116,13943
2020-07-19,0,0
2020-07-18,117,9265
2020-07-17,128,10012
2020-07-16,176,10149
2020-07-15,123,11830
2020-07-14,100,10419
2020-07-13,203,9946
2020-07-12,0,0
2020-07-11,50,14321
2020-07-10,124,9648
2020-07-09,138,9354
2020-07-08,140,9472
2020-07-07,173,7721
2020-07-06,201,6819
2020-07-04,103,8443
2020-07-03,140,6025
2020-07-02,180,5627
2020-07-01,83,7968
2020-06-30,182,7064
2020-06-29,216,6344
2020-06-28,0,0
2020-06-27,91,7293
2020-06-26,100,6662
2020-06-25,169,8785
2020-06-24,139,9545
2020-06-23,171,5844
2020-06-22,121,9328
2020-06-21,0,0
2020-06-20,143,5521
2020-06-19,171,5577
2020-06-18,168,6644
2020-06-17,163,8084
2020-06-16,141,9575
2020-06-15,85,11538
2020-06-14,0,0
2020-06-13,163,5331
2020-06-12,100,8287
2020-06-11,159,6838
2020-06-10,131,8598
2020-06-09,113,8816
2020-06-08,130,7711
2020-06-06,117,5834
2020-06-05,151,6309
2020-06-04,162,5173
2020-06-03,208,5901
2020-06-02,172,7864
2020-06-01,136,8352
2020-05-31,0,0
2020-05-30,138,6940
2020-05-29,155,8941
2020-05-28,128,10875
2020-05-27,104,10592
2020-05-26,159,10280
2020-05-25,138,10407
2020-05-24,0,0
2020-05-23,92,10040
2020-05-22,143,10027
2020-05-21,108,11446
2020-05-20,121,9719
2020-05-19,156,9566
2020-05-18,142,8836
2020-05-17,0,0
2020-05-16,101,8570
2020-05-15,161,9620
2020-05-14,136,10213
2020-05-13,119,10150
2020-05-12,112,10205
2020-05-11,142,9420
2020-05-09,96,9437
2020-05-08,111,10359
2020-05-07,113,10003
2020-05-06,106,11019
2020-05-05,101,9771
2020-05-04,121,11370
2020-05-02,69,10886
2020-05-01,94,12385
2020-04-30,115,13613
2020-04-29,128,12466
2020-04-28,106,11999
2020-04-27,127,11562
2020-04-26,0,0
2020-04-25,74,11052
2020-04-24,103,10460
2020-04-23,107,10181
2020-04-22,96,10129
2020-04-21,90,9743
2020-04-20,108,9429
2020-04-19,0,0
2020-04-18,68,9209
2020-04-17,112,8880
2020-04-16,79,8925
2020-04-15,102,8209
2020-04-14,112,7889
2020-04-13,114,8271
2020-04-12,0,0
2020-04-11,61,7216
2020-04-10,114,7353
2020-04-09,115,7396
2020-04-08,92,7702
2020-04-07,115,7371
2020-04-06,123,7435
2020-04-04,74,7652
2020-04-03,101,7811
2020-04-02,107,7720
2020-04-01,114,7870
2020-03-31,112,7887
2020-03-30,112,8177
2020-03-29,0,0
2020-03-28,55,8059
2020-03-27,103,7942
2020-03-26,107,8178
2020-03-25,123,8070
2020-03-24,104,8595
2020-03-23,113,8291
2020-03-22,0,0
2020-03-21,57,8214
2020-03-20,83,7991
2020-03-19,112,7974
2020-03-18,123,8015
2020-03-17,96,8269
2020-03-16,120,8335
2020-03-15,0,0
2020-03-14,40,8850
2020-03-13,106,8291
2020-03-12,99,8234
2020-03-11,83,8633
2020-03-10,81,8464
2020-03-09,114,8480
2020-03-07,53,8821
2020-03-06,111,8311
2020-03-05,80,8669
2020-03-04,117,8535
2020-03-03,99,8919
2020-03-02,106,9054
2020-03-01,0,0
2020-02-29,56,8757
2020-02-28,99,9122
2020-02-27,73,9205
2020-02-26,57,9193
2020-02-25,78,9137
2020-02-24,126,9107
2020-02-23,0,0
2020-02-22,68,9076
2020-02-21,63,9015
2020-02-20,88,8658
2020-02-19,100,8916
2020-02-18,67,9456
2020-02-17,109,9194
2020-02-16,0,0
2020-02-15,112,8753
2020-02-14,159,8909
2020-02-13,58,9558
2020-02-12,83,9360
2020-02-11,93,8998
2020-02-10,142,8790
2020-02-08,64,9186
2020-02-07,50,8819
2020-02-06,101,9022
2020-02-05,79,9449
2020-02-04,74,8970
2020-02-03,138,8500
2020-02-01,65,8311
2020-01-31,83,8609
2020-01-30,110,8258
2020-01-29,80,8689
2020-01-28,144,8549
2020-01-27,0,0
2020-01-26,0,0
2020-01-25,0,0
2020-01-24,47,6482
2020-01-23,102,9290
2020-01-22,114,9269
2020-01-21,139,9030
2020-01-20,149,8940
2020-01-19,0,0
2020-01-18,133,8612
2020-01-17,144,8885
2020-01-16,115,9036
2020-01-15,118,8564
2020-01-14,129,8408
2020-01-13,193,8432
2020-01-12,0,0
2020-01-11,103,8736
2020-01-10,150,9168
2020-01-09,110,9051
2020-01-08,136,9258
2020-01-07,118,9958
2020-01-06,158,9078
2020-01-04,162,8902
2020-01-03,247,9494
2020-01-01,0,0
2019-12-31,49,9979
2019-12-30,154,9846
2019-12-29,0,0
2019-12-28,88,9300
2019-12-27,92,9036
2019-12-26,65,8154
2019-12-25,145,7938
2019-12-24,135,8570
2019-12-23,131,8569
2019-12-22,0,0
2019-12-21,102,7991
2019-12-20,147,8052
2019-12-19,136,8664
2019-12-18,103,8578
2019-12-17,137,8653
2019-12-16,165,8863
2019-12-15,0,0
2019-12-14,94,8725
2019-12-13,156,8522
2019-12-12,163,8578
2019-12-11,183,8765
2019-12-10,141,8820
2019-12-09,211,8754
2019-12-07,167,8678
2019-12-06,214,9263
2019-12-05,214,8716
2019-12-04,207,8103
2019-12-03,156,8087
2019-12-02,261,9158
2019-12-01,0,0
2019-11-30,364,8524
2019-11-29,328,9473
2019-11-28,302,8588
2019-11-27,360,7319
2019-11-26,324,8174
2019-11-25,500,9163
2019-11-24,0,0
2019-11-23,471,10299
2019-11-22,379,11195
2019-11-21,382,9728
2019-11-20,306,9755
2019-11-19,313,9196
2019-11-18,389,9783
2019-11-17,0,0
2019-11-16,333,9829
2019-11-15,405,9156
2019-11-14,285,9025
2019-11-13,325,8279
2019-11-12,352,8466
2019-11-11,321,9098
2019-11-09,188,9251
2019-11-08,242,7930
2019-11-07,246,7373
2019-11-06,263,7735
2019-11-05,261,8153
2019-11-04,272,8657
2019-11-02,179,8721
2019-11-01,222,9141
2019-10-31,170,9092
2019-10-30,197,9013
2019-10-29,228,8984
2019-10-28,204,9339
2019-10-27,0,0
2019-10-26,192,8502
2019-10-25,193,10179
2019-10-24,223,9343
2019-10-23,174,10660
2019-10-22,165,10256
2019-10-21,278,10104
2019-10-20,0,0
2019-10-19,139,11623
2019-10-18,206,11654
2019-10-17,248,13330
2019-10-16,249,14911
2019-10-15,168,14565
2019-10-14,214,13440
2019-10-13,0,0
2019-10-12,181,12999
2019-10-11,187,13621
2019-10-10,157,13496
2019-10-09,152,12920
2019-10-08,190,11217
2019-10-07,253,13727
2019-10-05,184,12609
2019-10-04,152,19619
2019-10-03,148,22068
2019-10-02,182,21168
2019-10-01,170,20670
2019-09-30,157,19488
2019-09-29,0,0
2019-09-28,89,19104
2019-09-27,149,17256
2019-09-26,126,19130
2019-09-25,128,15927
2019-09-24,151,13848
2019-09-23,110,24184
2019-09-22,0,0
2019-09-21,95,16404
2019-09-20,169,14059
2019-09-19,133,16024
2019-09-18,118,15962
2019-09-17,147,12924
2019-09-16,168,12149
2019-09-15,0,0
2019-09-14,0,0
2019-09-13,0,0
2019-09-12,37,9742
2019-09-11,216,11066
2019-09-10,247,13537
2019-09-09,300,11949
2019-09-07,234,11010
2019-09-06,293,10025
2019-09-05,318,12345
2019-09-04,205,15776
2019-09-03,220,11095
2019-09-02,284,9105
2019-09-01,0,0
2019-08-31,235,7789
2019-08-30,244,8442
2019-08-29,226,8829
2019-08-28,160,8704
2019-08-27,203,8600
2019-08-26,194,8541
2019-08-25,0,0
2019-08-24,168,6637
2019-08-23,163,7247
2019-08-22,159,6689
2019-08-21,177,5447
2019-08-20,231,5629
2019-08-19,252,6189
2019-08-18,0,0
2019-08-17,167,8322
2019-08-16,171,6542
2019-08-15,144,6495
2019-08-14,128,6171
2019-08-13,201,5776
2019-08-12,160,7650
2019-08-11,0,0
2019-08-10,150,6946
2019-08-09,137,7068
2019-08-08,215,6841
2019-08-07,167,7782
2019-08-06,171,6488
2019-08-05,152,6324
2019-08-02,162,5627
2019-08-01,147,6523
2019-07-31,134,5759
2019-07-30,129,5846
2019-07-29,178,5379
2019-07-28,0,0
2019-07-27,51,9266
2019-07-26,135,5011
2019-07-25,124,5415
2019-07-24,176,3576
2019-07-23,219,4430
2019-07-22,90,8524
2019-07-21,0,0
2019-07-20,118,4320
2019-07-19,130,4691
2019-07-18,238,4613
2019-07-17,89,7236
2019-07-16,173,5407
2019-07-15,222,5322
2019-07-14,0,0
2019-07-13,107,7571
2019-07-12,118,7146
2019-07-11,113,8537
2019-07-10,121,6571
2019-07-09,148,5691
2019-07-08,171,5697
2019-07-06,105,5734
2019-07-05,109,5864
2019-07-04,130,5029
2019-07-03,177,4589
2019-07-02,197,5245
2019-07-01,216,5300
2019-06-30,0,0
2019-06-29,150,5963
2019-06-28,77,8676
2019-06-27,122,6207
2019-06-26,110,6426
2019-06-25,135,5878
2019-06-24,185,5182
2019-06-23,0,0
2019-06-22,122,5066
2019-06-21,116,5623
2019-06-20,143,5155
2019-06-19,178,5416
2019-06-18,120,7039
2019-06-17,136,6360
2019-06-16,0,0
2019-06-15,95,5325
2019-06-14,111,5355
2019-06-13,138,4977
2019-06-12,153,6047
2019-06-11,126,6151
2019-06-10,182,5167
2019-06-08,53,5312
2019-06-07,108,5424
2019-06-06,148,4631
2019-06-05,140,5232
2019-06-04,167,4988
2019-06-03,148,4520
2019-06-01,82,3762
2019-05-31,140,3706
2019-05-30,140,3227
2019-05-29,141,4744
2019-05-28,132,4854
2019-05-27,120,4209
2019-05-26,0,0
2019-05-25,85,2965
2019-05-24,114,3538
2019-05-23,116,3548
2019-05-22,138,3166
2019-05-21,138,3485
2019-05-20,111,3938
2019-05-19,0,0
2019-05-18,65,3221
2019-05-17,110,3364
2019-05-16,105,3520
2019-05-15,89,3608
2019-05-14,124,3300
2019-05-13,146,3186
2019-05-12,0,0
2019-05-11,66,3222
2019-05-10,106,3052
2019-05-09,124,3083
2019-05-08,169,3172
2019-05-07,108,3487
2019-05-06,111,2926
2019-05-04,75,2611
2019-05-03,108,2605
2019-05-02,104,2632
2019-05-01,151,2480
2019-04-30,126,2903
2019-04-29,112,2675
2019-04-28,0,0
2019-04-27,52,2707
2019-04-26,115,2408
2019-04-25,115,2582
2019-04-24,124,2651
2019-04-23,103,2620
2019-04-22,169,2601
2019-04-21,0,0
2019-04-20,63,2966
2019-04-19,159,2697
2019-04-18,167,2645
2019-04-17,156,2667
2019-04-16,144,2786
2019-04-15,111,3023
2019-04-14,0,0
2019-04-13,50,2618
2019-04-12,132,2339
2019-04-11,103,2384
2019-04-10,114,2350
2019-04-09,131,2413
2019-04-08,166,2421
2019-04-06,40,2765
2019-04-05,109,2431
2019-04-04,114,2301
2019-04-03,142,2365
2019-04-02,123,2653
2019-04-01,138,2496
2019-03-31,0,0
2019-03-30,59,2542
2019-03-29,116,2477
2019-03-28,118,2428
2019-03-27,100,2429
2019-03-26,136,2599
2019-03-25,117,2744
2019-03-24,0,0
2019-03-23,64,2370
2019-03-22,87,2343
2019-03-21,97,2416
2019-03-20,108,2399
2019-03-19,145,2349
2019-03-18,169,2561
2019-03-17,0,0
2019-03-16,54,2122
2019-03-15,108,2544
2019-03-14,152,2504
2019-03-13,127,2817
2019-03-12,98,2687
2019-03-11,137,2470
2019-03-09,110,2438
2019-03-08,135,2406
2019-03-07,115,2547
2019-03-06,110,2293
2019-03-05,106,2419
2019-03-04,219,2302
2019-03-02,101,2739
2019-03-01,117,2699
2019-02-28,125,2589
2019-02-27,103,2565
2019-02-26,139,2378
2019-02-25,133,2276
2019-02-24,0,0
2019-02-23,88,2489
2019-02-22,119,2557
2019-02-21,100,2535
2019-02-20,82,2764
2019-02-19,106,2799
2019-02-18,116,2650
2019-02-17,0,0
2019-02-16,100,2527
2019-02-15,136,2682
2019-02-14,118,2804
2019-02-13,107,2775
2019-02-12,121,2930
2019-02-11,154,3045
2019-02-09,64,3095
2019-02-08,155,3372
2019-02-04,14,3355
2019-02-02,67,3355
2019-02-01,117,2997
2019-01-31,137,2549
2019-01-30,194,2593
2019-01-29,166,3035
2019-01-28,174,3132
2019-01-27,0,0
2019-01-26,69,3104
2019-01-25,107,2683
2019-01-24,116,2656
2019-01-23,122,2718
2019-01-22,101,2702
2019-01-21,135,2662
2019-01-20,0,0
2019-01-19,57,2556
2019-01-18,138,2503
2019-01-17,142,2754
2019-01-16,126,3184
2019-01-15,87,3323
2019-01-14,119,2929
2019-01-13,0,0
2019-01-12,63,2479
2019-01-11,127,2856
2019-01-10,133,2775
2019-01-09,117,2522
2019-01-08,113,2788
2019-01-07,134,2983
2019-01-05,80,3209
2019-01-04,157,2791
2019-01-03,272,3421
2019-01-01,0,0
2018-12-31,41,4650
2018-12-30,0,0
2018-12-29,22,3342
2018-12-28,80,3075
2018-12-27,128,2935
2018-12-26,126,2936
2018-12-25,116,2963
2018-12-24,147,3281
2018-12-23,0,0
2018-12-22,59,3484
2018-12-21,149,2747
2018-12-20,125,2789
2018-12-19,177,2761
2018-12-18,170,3240
2018-12-17,121,3541
2018-12-16,0,0
2018-12-15,85,2659
2018-12-14,175,3278
2018-12-13,234,4011
2018-12-12,151,4827
2018-12-11,90,4869
2018-12-10,88,4557
2018-12-08,115,3981
2018-12-07,193,4279
2018-12-06,235,3790
2018-12-05,208,4275
2018-12-04,233,4289
2018-12-03,364,4571
2018-12-01,390,4774
2018-11-30,334,5757
2018-11-29,346,4532
2018-11-28,388,3954
2018-11-27,387,3755
2018-11-26,381,4501
2018-11-25,0,0
2018-11-24,486,4413
2018-11-23,606,5721
2018-11-22,523,5664
2018-11-21,503,4858
2018-11-20,408,3987
2018-11-19,593,4438
2018-11-18,0,0
2018-11-17,559,5204
2018-11-16,663,5385
2018-11-15,395,5855
2018-11-14,450,4825
2018-11-13,407,4777
2018-11-12,549,4976
2018-11-11,0,0
2018-11-10,376,5322
2018-11-09,219,6519
2018-11-08,195,6110
2018-11-07,306,4523
2018-11-06,266,5039
2018-11-05,311,5275
2018-11-03,215,5363
2018-11-02,250,5517
2018-11-01,237,5551
2018-10-31,280,5837
2018-10-30,231,5885
2018-10-29,211,5923
2018-10-28,0,0
2018-10-27,93,5992
2018-10-26,194,5665
2018-10-25,163,5469
2018-10-24,237,4658
2018-10-23,235,4787
2018-10-22,258,5283
2018-10-21,0,0
2018-10-20,173,4972
2018-10-19,191,6400
2018-10-18,230,5807
2018-10-17,165,6606
2018-10-16,204,5527
2018-10-15,246,5495
2018-10-14,0,0
2018-10-13,163,4673
2018-10-12,225,4552
2018-10-11,232,5010
2018-10-10,272,4845
2018-10-09,340,4532
2018-10-08,317,6079
2018-10-06,62,11608
2018-10-05,176,6949
2018-10-04,248,5668
2018-10-03,244,5455
2018-10-02,250,5476
2018-10-01,236,5860
2018-09-30,0,0
2018-09-29,179,5046
2018-09-28,322,4927
2018-09-27,373,8122
2018-09-26,0,0
2018-09-24,0,0
2018-09-23,0,0
2018-09-22,97,9565
2018-09-21,227,8402
2018-09-20,389,8580
2018-09-19,409,9346
2018-09-18,449,8933
2018-09-17,479,8085
2018-09-16,0,0
2018-09-15,295,10593
2018-09-14,393,9760
2018-09-13,309,11801
2018-09-12,298,10634
2018-09-11,281,10557
2018-09-10,271,11904
2018-09-08,230,9138
2018-09-07,296,10736
2018-09-06,278,9666
2018-09-05,204,11422
2018-09-04,181,12054
2018-09-03,305,9237
2018-09-01,134,13221
2018-08-31,153,12749
2018-08-30,147,10935
2018-08-29,206,13212
2018-08-28,146,16713
2018-08-27,200,15954
2018-08-26,0,0
2018-08-25,92,20754
2018-08-24,61,22995
2018-08-23,114,22998
2018-08-22,144,20025
2018-08-21,130,19494
2018-08-20,181,17439
2018-08-19,0,0
2018-08-18,115,20659
2018-08-17,107,18410
2018-08-16,115,17085
2018-08-15,108,16841
2018-08-14,135,15174
2018-08-13,192,13008
2018-08-12,0,0
2018-08-11,87,11261
2018-08-10,150,10446
2018-08-09,143,12356
2018-08-08,132,11691
2018-08-07,148,10914
2018-08-06,210,10108
2018-08-03,148,8291
2018-08-02,190,10602
2018-08-01,151,11825
2018-07-31,138,12435
2018-07-30,164,11828
2018-07-29,0,0
2018-07-28,95,11722
2018-07-27,116,12634
2018-07-26,141,11726
2018-07-25,101,12604
2018-07-24,159,8941
2018-07-23,215,8532
2018-07-22,0,0
2018-07-21,115,10705
2018-07-20,162,11180
2018-07-19,157,7256
2018-07-18,161,8182
2018-07-17,203,7705
2018-07-16,216,7140
2018-07-15,0,0
2018-07-14,112,8334
2018-07-13,172,5877
2018-07-12,121,7303
2018-07-11,69,8636
2018-07-10,161,6358
2018-07-09,250,6502
2018-07-07,136,6799
2018-07-06,127,4619
2018-07-05,202,3672
2018-07-04,175,4630
2018-07-03,161,5259
2018-07-02,106,5995
2018-07-01,0,0
2018-06-30,175,3322
2018-06-29,248,3888
2018-06-28,208,4704
2018-06-27,204,6015
2018-06-26,246,6209
2018-06-25,177,5354
2018-06-24,0,0
2018-06-23,119,4701
2018-06-22,157,4017
2018-06-21,180,3946
2018-06-20,276,3675
2018-06-19,188,3896
2018-06-18,254,3809
2018-06-17,0,0
2018-06-16,130,4879
2018-06-15,176,4544
2018-06-14,155,4631
2018-06-13,162,3816
2018-06-12,228,3761
2018-06-11,188,3650
2018-06-09,128,3095
2018-06-08,191,3145
2018-06-07,173,2912
2018-06-06,190,3114
2018-06-05,155,3844
2018-06-04,250,3063
2018-06-02,132,3640
2018-06-01,162,3948
2018-05-31,145,3789
2018-05-30,161,3683
2018-05-29,159,4218
2018-05-28,189,4147
2018-05-27,0,0
2018-05-26,132,4385
2018-05-25,142,4146
2018-05-24,125,3324
2018-05-23,168,3103
2018-05-22,185,3472
2018-05-21,193,3440
2018-05-20,0,0
2018-05-19,66,3047
2018-05-18,152,2824
2018-05-17,189,4036
2018-05-16,191,4725
2018-05-15,221,5275
2018-05-14,164,5887
2018-05-13,0,0
2018-05-12,70,5982
2018-05-11,143,5478
2018-05-10,144,5245
2018-05-09,179,5278
2018-05-08,171,5918
2018-05-07,171,5891
2018-05-05,89,5741
2018-05-04,115,5419
2018-05-03,151,5269
2018-05-02,170,5754
2018-05-01,158,5790
2018-04-30,201,6141
2018-04-29,0,0
2018-04-28,82,6823
2018-04-27,149,6257
2018-04-26,131,6604
2018-04-25,148,6303
2018-04-24,141,6682
2018-04-23,156,7341
2018-04-22,0,0
2018-04-21,76,6947
2018-04-20,139,7090
2018-04-19,127,6255
2018-04-18,168,6983
2018-04-17,172,7097
2018-04-16,181,7582
2018-04-15,0,0
2018-04-14,72,8060
2018-04-13,113,6794
2018-04-12,134,6418
2018-04-11,166,7461
2018-04-10,172,7440
2018-04-09,179,7235
2018-04-07,75,5931
2018-04-06,136,7456
2018-04-05,126,8153
2018-04-04,158,7956
2018-04-03,184,7382
2018-04-02,191,8474
2018-04-01,0,0
2018-03-31,86,7882
2018-03-30,113,7915
2018-03-29,134,8028
2018-03-28,156,7392
2018-03-27,155,8365
2018-03-26,165,8631
2018-03-25,0,0
2018-03-24,98,6934
2018-03-23,128,7458
2018-03-22,107,8816
2018-03-21,126,8540
2018-03-20,162,7588
2018-03-19,203,8632
2018-03-18,0,0
2018-03-17,76,8476
2018-03-16,86,8625
2018-03-15,106,6867
2018-03-14,168,6543
2018-03-13,206,7232
2018-03-12,186,8410
2018-03-11,0,0
2018-03-10,105,7866
2018-03-09,121,7448
2018-03-08,191,8440
2018-03-07,171,7933
2018-03-06,113,7314
2018-03-05,180,8561
2018-03-03,110,7950
2018-03-02,123,8472
2018-03-01,72,9530
2018-02-28,163,8603
2018-02-27,124,8184
2018-02-26,216,7863
2018-02-25,0,0
2018-02-24,96,7735
2018-02-23,127,7892
2018-02-22,120,7579
2018-02-21,124,7379
2018-02-20,109,6836
2018-02-19,162,7335
2018-02-18,0,0
2018-02-17,0,0
2018-02-16,0,0
2018-02-15,28,7497
2018-02-14,129,7497
2018-02-13,213,6839
2018-02-12,304,7479
2018-02-11,0,0
2018-02-10,194,7975
2018-02-09,150,8969
2018-02-08,163,8028
2018-02-07,169,8807
2018-02-06,148,9389
2018-02-05,179,9387
2018-02-03,104,9933
2018-02-02,128,9152
2018-02-01,100,8840
2018-01-31,150,8442
2018-01-30,122,8933
2018-01-29,107,8549
2018-01-28,0,0
2018-01-27,39,7204
2018-01-26,21,5498
2018-01-25,46,5498
2018-01-24,107,5389
2018-01-23,150,5602
2018-01-22,150,5498
2018-01-21,0,0
2018-01-20,103,5043
2018-01-19,157,5108
2018-01-18,167,5375
2018-01-17,142,5457
2018-01-16,128,5580
2018-01-15,158,5460
2018-01-14,0,0
2018-01-13,17,5173
2018-01-12,68,5173
2018-01-11,87,5505
2018-01-10,131,5391
2018-01-09,104,5567
2018-01-08,178,5237
2018-01-06,116,4969
2018-01-05,153,5098
2018-01-04,200,5261
2018-01-03,161,6416
2018-01-01,0,0
2017-12-31,0,0
2017-12-30,86,5672
2017-12-29,110,5346
2017-12-28,156,5115
2017-12-27,142,5285
2017-12-26,125,5348
2017-12-25,136,5435
2017-12-24,0,0
2017-12-23,140,5162
2017-12-22,111,5279
2017-12-21,127,4998
2017-12-20,184,5029
2017-12-19,134,5439
2017-12-18,208,5895
2017-12-17,0,0
2017-12-16,106,6521
2017-12-15,93,5856
2017-12-14,106,5009
2017-12-13,67,5512
2017-12-12,150,5357
2017-12-11,290,5361
2017-12-09,154,5468
2017-12-08,271,5234
2017-12-07,149,5577
2017-12-06,130,5141
2017-12-05,204,4788
2017-12-04,244,5354
2017-12-02,250,5345
2017-12-01,363,5030
2017-11-30,365,5254
2017-11-29,416,4723
2017-11-28,357,4267
2017-11-27,570,5032
2017-11-26,0,0
2017-11-25,533,5853
2017-11-24,502,7235
2017-11-23,524,6140
2017-11-22,458,5448
2017-11-21,372,4954
2017-11-20,583,5038
2017-11-19,0,0
2017-11-18,537,5472
2017-11-17,553,5636
2017-11-16,510,5055
2017-11-15,494,4623
2017-11-14,419,4397
2017-11-13,538,4917
2017-11-12,0,0
2017-11-11,415,5540
2017-11-10,310,5450
2017-11-09,358,4084
2017-11-08,294,4004
2017-11-07,332,3581
2017-11-06,360,3555
2017-11-04,217,4973
2017-11-03,237,4902
2017-11-02,223,4241
2017-11-01,225,3726
2017-10-31,190,3717
2017-10-30,254,3354
2017-10-29,0,0
2017-10-28,183,3051
2017-10-27,226,3348
2017-10-26,226,3330
2017-10-25,207,3421
2017-10-24,272,3171
2017-10-23,263,3673
2017-10-22,0,0
2017-10-21,178,3828
2017-10-20,195,3892
2017-10-19,228,3380
2017-10-18,250,3123
2017-10-17,251,3795
2017-10-16,311,3541
2017-10-15,0,0
2017-10-14,200,3986
2017-10-13,282,4038
2017-10-12,185,5150
2017-10-11,233,6836
2017-10-10,311,7086
2017-10-09,442,10105
2017-10-07,33,19234
2017-10-03,62,21451
2017-10-02,288,14941
2017-10-01,0,0
2017-09-30,364,11432
2017-09-29,309,13598
2017-09-28,232,13299
2017-09-27,324,13207
2017-09-26,366,12349
2017-09-25,422,12925
2017-09-24,0,0
2017-09-23,312,13010
2017-09-22,317,13776
2017-09-21,353,12400
2017-09-20,352,13644
2017-09-19,333,13607
2017-09-18,261,15569
2017-09-17,0,0
2017-09-16,277,11643
2017-09-15,289,13623
2017-09-14,313,13742
2017-09-13,302,15147
2017-09-12,163,16855
2017-09-11,284,15631
2017-09-09,183,14347
2017-09-08,289,14401
2017-09-07,225,16124
2017-09-06,281,15947
2017-09-05,299,15659
2017-09-04,279,16577
2017-09-02,136,19528
2017-09-01,184,18203
2017-08-31,175,17461
2017-08-30,137,17742
2017-08-29,225,14542
2017-08-28,222,16533
2017-08-27,0,0
2017-08-26,154,15944
2017-08-25,113,16171
2017-08-24,210,10992
2017-08-23,221,11738
2017-08-22,213,14191
2017-08-21,189,15418
2017-08-20,0,0
2017-08-19,114,15688
2017-08-18,159,13528
2017-08-17,151,13401
2017-08-16,121,14858
2017-08-15,167,13866
2017-08-14,157,15892
2017-08-13,0,0
2017-08-12,149,14214
2017-08-11,113,16235
2017-08-10,100,14577
2017-08-09,150,12482
2017-08-08,163,11515
2017-08-07,208,11311
2017-08-04,193,10213
2017-08-03,197,10782
2017-08-02,115,11901
2017-08-01,153,11182
2017-07-31,187,11593
2017-07-30,0,0
2017-07-29,115,11027
2017-07-28,205,10393
2017-07-27,196,11404
2017-07-26,112,14141
2017-07-25,166,11139
2017-07-24,183,15383
2017-07-23,0,0
2017-07-22,89,16335
2017-07-21,132,11916
2017-07-20,155,10251
2017-07-19,203,9574
2017-07-18,188,9221
2017-07-17,168,8877
2017-07-16,0,0
2017-07-15,121,7282
2017-07-14,183,6289
2017-07-13,212,6771
2017-07-12,103,10486
2017-07-11,96,6246
2017-07-10,205,4432
2017-07-08,116,4928
2017-07-07,175,3406
2017-07-06,216,3319
2017-07-05,206,4142
2017-07-04,179,4615
2017-07-03,183,4016
2017-07-01,172,3431
2017-06-30,218,3357
2017-06-29,204,3212
2017-06-28,232,3215
2017-06-27,210,3918
2017-06-26,178,4003
2017-06-25,0,0
2017-06-24,175,3008
2017-06-23,201,3232
2017-06-22,215,3395
2017-06-21,197,3313
2017-06-20,176,3494
2017-06-19,212,3108
2017-06-18,0,0
2017-06-17,149,3063
2017-06-16,180,3382
2017-06-15,204,2839
2017-06-14,202,3490
2017-06-13,193,3406
2017-06-12,218,3003
2017-06-11,0,0
2017-06-10,182,2325
2017-06-09,252,3523
2017-06-08,125,5220
2017-06-07,198,5192
2017-06-06,166,4740
2017-06-05,150,4167
2017-06-03,159,2582
2017-06-02,157,3027
2017-06-01,204,2695
2017-05-31,178,2980
2017-05-30,185,2659
2017-05-29,234,2934
2017-05-28,0,0
2017-05-27,118,3196
2017-05-26,160,3239
2017-05-25,163,3212
2017-05-24,213,3377
2017-05-23,173,4299
2017-05-22,169,3736
2017-05-21,0,0
2017-05-20,110,3427
2017-05-19,141,3060
2017-05-18,163,2965
2017-05-17,246,3360
2017-05-16,224,3650
2017-05-15,239,3636
2017-05-14,0,0
2017-05-13,106,2506
2017-05-12,234,3744
2017-05-11,181,3828
2017-05-10,154,4155
2017-05-09,186,3586
2017-05-08,194,4201
2017-05-06,101,4095
2017-05-05,171,4434
2017-05-04,156,4467
2017-05-03,169,4896
2017-05-02,167,4677
2017-05-01,218,4553
2017-04-30,0,0
2017-04-29,112,5346
2017-04-28,189,6654
2017-04-27,207,7404
2017-04-26,184,7812
2017-04-25,170,7461
2017-04-24,161,7000
2017-04-23,0,0
2017-04-22,78,6825
2017-04-21,159,6000
2017-04-20,190,5761
2017-04-19,151,6343
2017-04-18,167,6243
2017-04-17,166,6015
2017-04-16,0,0
2017-04-15,108,5700
2017-04-14,124,5725
2017-04-13,156,4887
2017-04-12,203,4891
2017-04-11,184,5317
2017-04-10,246,5771
2017-04-08,109,6242
2017-04-07,129,6299
2017-04-06,145,5672
2017-04-05,201,5842
2017-04-04,212,6274
2017-04-03,230,6672
2017-04-01,74,7158
2017-03-31,150,6472
2017-03-30,114,6934
2017-03-29,162,6088
2017-03-28,197,6320
2017-03-27,199,7019
2017-03-26,0,0
2017-03-25,65,6983
2017-03-24,140,6626
2017-03-23,149,6855
2017-03-22,177,6894
2017-03-21,186,7588
2017-03-20,169,8109
2017-03-19,0,0
2017-03-18,86,7444
2017-03-17,120,8074
2017-03-16,147,7317
2017-03-15,173,7959
2017-03-14,170,8591
2017-03-13,186,8537
2017-03-12,0,0
2017-03-11,84,8692
2017-03-10,153,8470
2017-03-09,171,8411
2017-03-08,142,8648
2017-03-07,127,8644
2017-03-06,191,8738
2017-03-04,75,9041
2017-03-03,145,8492
2017-03-02,164,8648
2017-03-01,127,8677
2017-02-28,161,8547
2017-02-27,195,8754
2017-02-26,0,0
2017-02-25,116,8497
2017-02-24,170,9052
2017-02-23,110,9363
2017-02-22,117,8982
2017-02-21,131,8871
2017-02-20,217,9080
2017-02-19,0,0
2017-02-18,74,9190
2017-02-17,146,9069
2017-02-16,108,9668
2017-02-15,138,9178
2017-02-14,146,9503
2017-02-13,149,9426
2017-02-12,0,0
2017-02-11,38,8832
2017-02-10,111,8575
2017-02-09,142,9204
2017-02-08,112,9261
2017-02-07,162,9163
2017-02-06,165,9621
2017-02-04,71,9377
2017-02-03,105,9555
2017-02-02,151,9648
2017-02-01,137,9503
2017-01-31,0,0
2017-01-30,0,0
2017-01-29,0,0
2017-01-28,0,0
2017-01-27,32,7638
2017-01-26,124,8165
2017-01-25,167,8423
2017-01-24,188,7996
2017-01-23,250,8647
2017-01-22,0,0
2017-01-21,101,8884
2017-01-20,196,9105
2017-01-19,217,9013
2017-01-18,140,9270
2017-01-17,128,9204
2017-01-16,110,9058
2017-01-15,0,0
2017-01-14,107,8850
2017-01-13,147,9152
2017-01-12,118,9124
2017-01-11,145,8978
2017-01-10,168,9170
2017-01-09,183,9075
2017-01-07,130,8553
2017-01-06,211,8885
2017-01-05,165,9332
2017-01-04,170,9790
2017-01-03,238,9689
2017-01-01,0,0
2016-12-31,25,9799
2016-12-30,112,9799
2016-12-29,100,8917
2016-12-28,169,8696
2016-12-27,175,9225
2016-12-26,146,9206
2016-12-25,0,0
2016-12-24,103,8040
2016-12-23,182,8659
2016-12-22,179,9319
2016-12-21,222,9107
2016-12-20,149,9351
2016-12-19,183,9315
2016-12-18,0,0
2016-12-17,112,9127
2016-12-16,169,9102
2016-12-15,199,8877
2016-12-14,170,8617
2016-12-13,254,7867
2016-12-12,257,8580
2016-12-11,0,0
2016-12-10,275,8114
2016-12-09,348,8203
2016-12-08,211,8612
2016-12-07,312,7592
2016-12-06,297,7626
2016-12-05,442,8097
2016-12-03,384,8549
2016-12-02,375,9810
2016-12-01,403,8555
2016-11-30,401,7758
2016-11-29,434,8069
2016-11-28,396,9042
2016-11-27,0,0
2016-11-26,509,7885
2016-11-25,439,9827
2016-11-24,499,9390
2016-11-23,429,9136
2016-11-22,549,7214
2016-11-21,573,8444
2016-11-20,0,0
2016-11-19,514,9763
2016-11-18,492,10985
2016-11-17,351,9886
2016-11-16,434,7559
2016-11-15,485,8054
2016-11-14,642,8363
2016-11-13,0,0
2016-11-12,429,9816
2016-11-11,318,9153
2016-11-10,318,7173
2016-11-09,366,6462
2016-11-08,368,6479
2016-11-07,380,6486
2016-11-05,299,6531
2016-11-04,351,6166
2016-11-03,182,6660
2016-11-02,270,5365
2016-11-01,262,5332
2016-10-31,282,5475
2016-10-30,0,0
2016-10-29,212,5390
2016-10-28,282,5835
2016-10-27,330,5749
2016-10-26,122,7305
2016-10-25,264,6011
2016-10-24,269,5731
2016-10-23,0,0
2016-10-22,221,5788
2016-10-21,293,6046
2016-10-20,296,6525
2016-10-19,270,6891
2016-10-18,279,6926
2016-10-17,365,7849
2016-10-16,0,0
2016-10-15,201,9646
2016-10-14,220,9038
2016-10-13,220,8696
2016-10-12,234,8304
2016-10-11,310,7202
2016-10-10,290,7916
2016-10-08,291,7235
2016-10-07,331,9681
2016-10-06,172,13128
2016-10-05,349,10160
2016-10-04,174,14450
2016-10-03,264,13702
2016-10-01,246,13255
2016-09-30,239,18557
2016-09-29,252,18136
2016-09-28,178,21628
2016-09-27,208,21167
2016-09-26,277,18694
2016-09-25,0,0
2016-09-24,155,18396
2016-09-23,196,16965
2016-09-22,197,16664
2016-09-21,207,16050
2016-09-20,214,15891
2016-09-19,234,14920
2016-09-18,0,0
2016-09-17,0,0
2016-09-16,0,0
2016-09-15,0,0
2016-09-14,89,16277
2016-09-13,219,23443
2016-09-12,399,17480
2016-09-11,0,0
2016-09-10,329,18384
2016-09-09,297,19597
2016-09-08,336,19533
2016-09-07,359,18398
2016-09-06,338,20513
2016-09-05,360,21020
2016-09-03,245,20309
2016-09-02,268,21364
2016-09-01,220,21166
2016-08-31,261,22592
2016-08-30,185,24060
2016-08-29,247,22315
2016-08-28,0,0
2016-08-27,101,22864
2016-08-26,193,16870
2016-08-25,202,16924
2016-08-24,228,17304
2016-08-23,211,19238
2016-08-22,164,19245
2016-08-21,0,0
2016-08-20,107,17259
2016-08-19,145,15384
2016-08-18,170,14198
2016-08-17,177,14690
2016-08-16,132,15190
2016-08-15,166,13917
2016-08-14,0,0
2016-08-13,154,12230
2016-08-12,159,12188
2016-08-11,162,11685
2016-08-10,170,12163
2016-08-09,177,10706
2016-08-08,255,9313
2016-08-05,147,12136
2016-08-04,177,9896
2016-08-03,182,8680
2016-08-02,158,10127
2016-08-01,208,9408
2016-07-31,0,0
2016-07-30,143,9467
2016-07-29,157,7572
2016-07-28,158,9450
2016-07-27,219,7800
2016-07-26,244,7299
2016-07-25,194,7664
2016-07-24,0,0
2016-07-23,139,7468
2016-07-22,138,7792
2016-07-21,174,5502
2016-07-20,221,5230
2016-07-19,271,5679
2016-07-18,193,7862
2016-07-17,0,0
2016-07-16,191,7463
2016-07-15,177,8086
2016-07-14,169,7964
2016-07-13,138,6551
2016-07-12,213,6341
2016-07-11,206,6140
2016-07-09,175,5944
2016-07-08,167,6223
2016-07-07,141,6597
2016-07-06,181,5537
2016-07-05,100,7588
2016-07-04,251,5232
2016-07-02,144,5836
2016-07-01,156,5288
2016-06-30,170,4489
2016-06-29,201,4941
2016-06-28,248,4914
2016-06-27,199,6099
2016-06-26,0,0
2016-06-25,155,4491
2016-06-24,215,5658
2016-06-23,170,6575
2016-06-22,263,5491
2016-06-21,204,5572
2016-06-20,222,5073
2016-06-19,0,0
2016-06-18,225,4926
2016-06-17,128,5696
2016-06-16,190,4398
2016-06-15,245,4336
2016-06-14,230,4520
2016-06-13,219,4991
2016-06-12,0,0
2016-06-11,107,5230
2016-06-10,194,4545
2016-06-09,207,4952
2016-06-08,219,5099
2016-06-07,207,5349
2016-06-06,224,5751
2016-06-04,107,6593
2016-06-03,174,5767
2016-06-02,172,5685
2016-06-01,186,5652
2016-05-31,238,5872
2016-05-30,201,7150
2016-05-29,0,0
2016-05-28,156,5967
2016-05-27,235,7630
2016-05-26,172,9584
2016-05-25,197,8973
2016-05-24,179,10352
2016-05-23,220,10480
2016-05-22,0,0
2016-05-21,168,9635
2016-05-20,190,11413
2016-05-19,195,11918
2016-05-18,215,12596
2016-05-17,161,14104
2016-05-16,176,13086
2016-05-15,0,0
2016-05-14,113,12063
2016-05-13,150,11236
2016-05-12,223,9477
2016-05-11,200,9797
2016-05-10,219,10221
2016-05-09,241,10202
2016-05-07,57,11250
2016-05-06,135,9630
2016-05-05,170,10070
2016-05-04,136,11282
2016-05-03,239,11881
2016-05-02,198,13220
2016-05-01,0,0
2016-04-30,108,13028
2016-04-29,160,14259
2016-04-28,183,15343
2016-04-27,208,15478
2016-04-26,194,16077
2016-04-25,162,16004
2016-04-24,0,0
2016-04-23,106,14943
2016-04-22,115,16633
2016-04-21,143,16505
2016-04-20,115,17276
2016-04-19,148,16304
2016-04-18,179,16399
2016-04-17,0,0
2016-04-16,100,16614
2016-04-15,142,16893
2016-04-14,108,16874
2016-04-13,145,15107
2016-04-12,147,14619
2016-04-11,189,14059
2016-04-09,67,13777
2016-04-08,114,12826
2016-04-07,141,13071
2016-04-06,165,13575
2016-04-05,164,13707
2016-04-04,163,13608
2016-04-02,98,12833
2016-04-01,140,11965
2016-03-31,162,12195
2016-03-30,151,12877
2016-03-29,149,11869
2016-03-28,118,11864
2016-03-27,0,0
2016-03-26,92,10427
2016-03-25,131,10419
2016-03-24,159,10185
2016-03-23,175,10024
2016-03-22,151,10611
2016-03-21,159,10408
2016-03-20,0,0
2016-03-19,83,10246
2016-03-18,155,10167
2016-03-17,151,10484
2016-03-16,143,10412
2016-03-15,188,10360
2016-03-14,197,10210
2016-03-13,0,0
2016-03-12,113,10504
2016-03-11,125,10381
2016-03-10,88,10980
2016-03-09,158,8992
2016-03-08,183,10345
2016-03-07,181,11025
2016-03-05,77,11253
2016-03-04,139,11232
2016-03-03,129,10827
2016-03-02,129,10460
2016-03-01,128,9570
2016-02-29,148,9641
2016-02-28,0,0
2016-02-27,96,9216
2016-02-26,175,9051
2016-02-25,168,8324
2016-02-24,156,8879
2016-02-23,153,8172
2016-02-22,169,9465
2016-02-21,0,0
2016-02-20,82,8431
2016-02-19,162,8113
2016-02-18,118,7518
2016-02-17,175,7724
2016-02-16,116,8551
2016-02-15,203,8890
2016-02-14,0,0
2016-02-13,57,9373
2016-02-12,108,7729
2016-02-11,107,7366
2016-02-06,65,6465
2016-02-05,155,6646
2016-02-04,165,6420
2016-02-03,156,6741
2016-02-02,175,5936
2016-02-01,271,5889
2016-01-31,0,0
2016-01-30,114,6996
2016-01-29,161,6920
2016-01-28,140,7015
2016-01-27,114,6722
2016-01-26,118,6671
2016-01-25,108,7102
2016-01-24,0,0
2016-01-23,98,6898
2016-01-22,101,6841
2016-01-21,61,6123
2016-01-20,96,5247
2016-01-19,73,5976
2016-01-18,142,5102
2016-01-17,0,0
2016-01-16,93,4365
2016-01-15,133,4782
2016-01-14,107,4936
2016-01-13,99,4860
2016-01-12,104,4409
2016-01-11,155,4412
2016-01-09,113,3917
2016-01-08,132,4586
2016-01-07,130,4634
2016-01-06,127,4722
2016-01-05,149,4683
2016-01-04,222,5163
2016-01-01,0,0
2015-12-31,99,4517
2015-12-30,142,4600
2015-12-29,194,4392
2015-12-28,122,5488
2015-12-27,0,0
2015-12-26,70,4091
2015-12-25,80,3621
2015-12-24,111,3192
2015-12-23,157,3251
2015-12-22,203,3574
2015-12-21,184,3821
2015-12-20,0,0
2015-12-19,96,3785
2015-12-18,114,3047
2015-12-17,169,3255
2015-12-16,189,3325
2015-12-15,141,4003
2015-12-14,227,3291
2015-12-13,0,0
2015-12-12,209,3341
2015-12-11,238,3382
2015-12-10,176,3903
2015-12-09,225,2798
2015-12-08,255,2964
2015-12-07,341,3199
2015-12-05,296,3444
2015-12-04,319,4563
2015-12-03,460,4093
2015-12-02,354,4207
2015-12-01,379,3353
2015-11-30,502,4567
2015-11-29,0,0
2015-11-28,436,5981
2015-11-27,449,6524
2015-11-26,460,6291
2015-11-25,468,5234
2015-11-24,467,4413
2015-11-23,630,5585
2015-11-22,0,0
2015-11-21,613,5946
2015-11-20,451,5842
2015-11-19,370,4653
2015-11-18,455,3925
2015-11-17,415,4352
2015-11-16,548,4011
2015-11-15,0,0
2015-11-14,282,6422
2015-11-13,373,4756
2015-11-12,304,4089
2015-11-11,337,3032
2015-11-10,277,3565
2015-11-09,182,4954
2015-11-07,224,3852
2015-11-06,257,3426
2015-11-05,251,3352
2015-11-04,228,3494
2015-11-03,295,3059
2015-11-02,263,3247
2015-11-01,0,0
2015-10-31,174,3168
2015-10-30,264,2963
2015-10-29,266,3391
2015-10-28,161,4103
2015-10-27,195,3591
2015-10-26,260,3174
2015-10-25,0,0
2015-10-24,187,3238
2015-10-23,201,3408
2015-10-22,217,3284
2015-10-21,244,3323
2015-10-20,242,3665
2015-10-19,224,3845
2015-10-18,0,0
2015-10-17,164,3335
2015-10-16,220,3748
2015-10-15,278,3656
2015-10-14,227,4089
2015-10-13,246,3964
2015-10-12,243,4361
2015-10-11,0,0
2015-10-10,145,4882
2015-10-09,189,4525
2015-10-08,236,3996
2015-10-07,232,4627
2015-10-06,303,4789
2015-10-05,331,4856
2015-10-03,279,4896
2015-10-02,157,6359
2015-10-01,260,5256
2015-09-30,211,5559
2015-09-28,0,0
2015-09-27,0,0
2015-09-26,92,4565
2015-09-25,319,6007
2015-09-24,342,6659
2015-09-23,417,6669
2015-09-22,392,6811
2015-09-21,399,6059
2015-09-20,0,0
2015-09-19,390,5283
2015-09-18,378,6112
2015-09-17,362,5905
2015-09-16,370,5618
2015-09-15,392,5221
2015-09-14,386,5075
2015-09-13,0,0
2015-09-12,319,5111
2015-09-11,311,5686
2015-09-10,299,5858
2015-09-09,322,6142
2015-09-08,310,5738
2015-09-07,211,6637
2015-09-05,242,4983
2015-09-04,315,4648
2015-09-03,326,5088
2015-09-02,236,5550
2015-09-01,289,5395
2015-08-31,320,5240
2015-08-30,0,0
2015-08-29,228,5419
2015-08-28,346,5262
2015-08-27,285,6383
2015-08-26,68,13192
2015-08-25,234,6953
2015-08-24,243,6259
2015-08-23,0,0
2015-08-22,150,6064
2015-08-21,210,6445
2015-08-20,193,6230
2015-08-19,222,5841
2015-08-18,233,6027
2015-08-17,282,7149
2015-08-16,0,0
2015-08-15,85,10304
2015-08-14,214,6995
2015-08-13,139,7874
2015-08-12,243,6817
2015-08-11,211,7328
2015-08-10,232,7484
2015-08-08,147,7616
2015-08-07,153,7208
2015-08-06,156,6406
2015-08-05,179,5747
2015-08-04,193,5161
2015-08-03,254,4641
2015-08-01,0,0
2015-07-31,177,5375
2015-07-30,147,4509
2015-07-29,249,4205
2015-07-28,251,4326
2015-07-27,362,4120
2015-07-26,0,0
2015-07-25,56,7884
2015-07-24,192,4550
2015-07-23,210,4513
2015-07-22,176,4809
2015-07-21,242,4749
2015-07-20,219,5599
2015-07-19,0,0
2015-07-18,140,5181
2015-07-17,176,5679
2015-07-16,269,4594
2015-07-15,241,5783
2015-07-14,170,7245
2015-07-13,232,6495
2015-07-12,0,0
2015-07-11,135,7544
2015-07-10,140,7738
2015-07-09,159,7427
2015-07-08,195,7213
2015-07-07,190,7673
2015-07-06,218,7398
2015-07-04,143,6936
2015-07-03,202,7063
2015-07-02,148,7291
2015-07-01,179,6775
2015-06-30,222,6870
2015-06-29,283,6922
2015-06-28,0,0
2015-06-27,101,8295
2015-06-26,217,7425
2015-06-25,220,6868
2015-06-24,211,7375
2015-06-23,171,7762
2015-06-22,206,7074
2015-06-21,0,0
2015-06-20,155,5921
2015-06-19,229,5297
2015-06-18,250,5554
2015-06-17,211,6406
2015-06-16,277,5741
2015-06-15,292,6549
2015-06-14,0,0
2015-06-13,206,6324
2015-06-12,253,7991
2015-06-11,154,9518
2015-06-10,167,8933
2015-06-09,187,7849
2015-06-08,184,7178
2015-06-06,159,6625
2015-06-05,183,6288
2015-06-04,196,6327
2015-06-03,213,7214
2015-06-02,212,8211
2015-06-01,178,8334
2015-05-31,0,0
2015-05-30,127,8161
2015-05-29,207,8387
2015-05-28,169,10231
2015-05-27,194,9196
2015-05-26,200,10063
2015-05-25,155,10485
2015-05-24,0,0
2015-05-23,76,10844
2015-05-22,194,9760
2015-05-21,175,11292
2015-05-20,211,11087
2015-05-19,183,11764
2015-05-18,250,11431
2015-05-17,0,0
2015-05-16,121,12585
2015-05-15,161,12538
2015-05-14,134,11513
2015-05-13,144,10052
2015-05-12,130,8326
2015-05-11,156,7475
2015-05-09,126,6371
2015-05-08,176,6615
2015-05-07,168,6853
2015-05-06,176,6596
2015-05-05,182,6719
2015-05-04,181,7240
2015-05-02,57,7151
2015-05-01,142,6625
2015-04-30,165,5893
2015-04-29,140,5945
2015-04-28,187,5538
2015-04-27,159,5553
2015-04-26,0,0
2015-04-25,104,5591
2015-04-24,209,5281
2015-04-23,148,5659
2015-04-22,192,5063
2015-04-21,198,5318
2015-04-20,187,5062
2015-04-19,0,0
2015-04-18,95,5376
2015-04-17,168,5089
2015-04-16,145,4910
2015-04-15,161,4839
2015-04-14,169,4553
2015-04-13,171,4754
2015-04-12,0,0
2015-04-11,99,4897
2015-04-10,143,4642
2015-04-09,152,4294
2015-04-08,165,4235
2015-04-07,170,4483
2015-04-06,210,4751
2015-04-04,105,4416
2015-04-03,122,4407
2015-04-02,137,4578
2015-04-01,135,4480
2015-03-31,201,4423
2015-03-30,195,5052
2015-03-29,0,0
2015-03-28,94,4956
2015-03-27,135,4817
2015-03-26,148,4820
2015-03-25,135,4883
2015-03-24,191,4867
2015-03-23,193,5255
2015-03-22,0,0
2015-03-21,71,4770
2015-03-20,141,4939
2015-03-19,143,4607
2015-03-18,145,4978
2015-03-17,196,4663
2015-03-16,212,4813
2015-03-15,0,0
2015-03-14,88,4956
2015-03-13,164,4779
2015-03-12,172,4696
2015-03-11,123,4808
2015-03-10,128,4453
2015-03-09,191,4543
2015-03-07,118,4408
2015-03-06,131,4698
2015-03-05,155,4620
2015-03-04,112,4810
2015-03-03,109,4523
2015-03-02,179,4150
2015-03-01,0,0
2015-02-28,93,3897
2015-02-27,172,4017
2015-02-26,151,4548
2015-02-25,98,4525
2015-02-24,149,3794
2015-02-23,201,3703
2015-02-22,0,0
2015-02-21,0,0
2015-02-20,0,0
2015-02-19,0,0
2015-02-18,18,4197
2015-02-17,69,4197
2015-02-16,229,3680
2015-02-15,0,0
2015-02-14,163,3605
2015-02-13,222,3589
2015-02-12,191,3915
2015-02-11,178,3878
2015-02-10,67,4229
2015-02-09,175,3186
2015-02-07,163,2806
2015-02-06,128,3203
2015-02-05,172,2971
2015-02-04,188,3165
2015-02-03,140,3222
2015-02-02,204,3129
2015-02-01,0,0
2015-01-31,103,3416
2015-01-30,86,3612
2015-01-29,113,3316
2015-01-28,135,3065
2015-01-27,77,3141
2015-01-26,175,3049
2015-01-25,0,0
2015-01-24,95,2898
2015-01-23,145,2804
2015-01-22,142,2725
2015-01-21,133,2936
2015-01-20,155,2785
2015-01-19,160,3140
2015-01-18,0,0
2015-01-17,105,3130
2015-01-16,102,3236
2015-01-15,114,2772
2015-01-14,138,2627
2015-01-13,133,2548
2015-01-12,158,2747
2015-01-11,0,0
2015-01-10,75,2342
2015-01-09,116,2342
2015-01-08,127,2466
2015-01-07,179,2674
2015-01-06,200,3143
2015-01-05,204,3216
2015-01-03,104,2821
2015-01-02,0,2926
2015-01-01,0,2926
2014-12-31,168,2926
2014-12-30,169,3214
2014-12-29,155,2907
2014-12-28,0,0
2014-12-27,86,2388
2014-12-26,157,2074
2014-12-25,143,2338
2014-12-24,233,2765
2014-12-23,117,3203
2014-12-22,242,3099
2014-12-21,0,0
2014-12-20,97,3840
2014-12-19,55,3416
2014-12-18,65,2414
2014-12-17,134,2498
2014-12-16,252,2878
2014-12-15,171,3267
2014-12-14,0,0
2014-12-13,186,2726
2014-12-12,303,2784
2014-12-11,350,2904
2014-12-10,295,2831
2014-12-09,228,2896
2014-12-08,337,3269
2014-12-06,133,4325
2014-12-05,286,2845
2014-12-04,193,2981
2014-12-03,213,2853
2014-12-02,219,3034
2014-12-01,549,3503
2014-11-30,0,0
2014-11-29,312,4396
2014-11-28,471,3380
2014-11-27,494,2948
2014-11-26,316,3114
2014-11-25,383,2842
2014-11-24,535,2910
2014-11-23,0,0
2014-11-22,590,3242
2014-11-21,620,3485
2014-11-20,476,3416
2014-11-19,478,2750
2014-11-18,404,2669
2014-11-17,610,3288
2014-11-16,0,0
2014-11-15,531,3651
2014-11-14,509,3494
2014-11-13,352,3392
2014-11-12,313,3092
2014-11-11,376,3041
2014-11-10,397,3214
2014-11-08,323,3231
2014-11-07,311,3408
2014-11-06,257,3263
2014-11-05,286,2953
2014-11-04,320,3188
2014-11-03,242,3573
2014-11-01,156,3444
2014-10-31,254,3078
2014-10-30,233,3016
2014-10-29,202,3188
2014-10-28,265,2980
2014-10-27,294,2863
2014-10-26,0,0
2014-10-25,299,2770
2014-10-24,318,2895
2014-10-23,286,3417
2014-10-22,129,3852
2014-10-21,179,4101
2014-10-20,270,3742
2014-10-19,0,0
2014-10-18,245,3361
2014-10-17,240,4080
2014-10-16,219,4067
2014-10-15,246,3723
2014-10-14,182,3844
2014-10-13,333,3008
2014-10-12,0,0
2014-10-11,171,3499
2014-10-10,258,3220
2014-10-09,292,3360
2014-10-08,288,3714
2014-10-07,308,4074
2014-10-06,320,4344
2014-10-04,163,4271
2014-10-03,273,4660
2014-10-02,362,3857
2014-10-01,320,4574
2014-09-30,206,5531
2014-09-29,316,5314
2014-09-28,0,0
2014-09-27,250,4830
2014-09-26,298,5396
2014-09-25,163,6146
2014-09-24,286,5658
2014-09-23,351,5139
2014-09-22,350,5410
2014-09-21,0,0
2014-09-20,228,5448
2014-09-19,243,5537
2014-09-18,237,5833
2014-09-17,270,5294
2014-09-16,271,6039
2014-09-15,310,5699
2014-09-14,0,0
2014-09-13,331,5432
2014-09-12,346,7087
2014-09-11,296,9065
2014-09-06,208,8181
2014-09-05,469,6555
2014-09-04,270,9878
2014-09-03,418,8212
2014-09-02,379,7478
2014-09-01,505,6028
2014-08-31,0,0
2014-08-30,391,6749
2014-08-29,470,7057
2014-08-28,342,7503
2014-08-27,325,6648
2014-08-26,302,6015
2014-08-25,377,6298
2014-08-24,0,0
2014-08-23,333,5612
2014-08-22,210,6357
2014-08-21,323,5116
2014-08-20,228,6974
2014-08-19,198,6934
2014-08-18,281,6262
2014-08-17,0,0
2014-08-16,192,6158
2014-08-15,219,5149
2014-08-14,297,4600
2014-08-13,320,4427
2014-08-12,290,5828
2014-08-11,234,6715
2014-08-09,243,5628
2014-08-08,162,7602
2014-08-07,296,4954
2014-08-06,288,5925
2014-08-05,278,7299
2014-08-04,142,9059
2014-08-01,187,5388
2014-07-31,243,5519
2014-07-30,231,6216
2014-07-29,292,5958
2014-07-28,316,6473
2014-07-27,0,0
2014-07-26,145,8235
2014-07-25,173,6822
2014-07-24,154,7868
2014-07-23,221,7294
2014-07-22,193,6822
2014-07-21,278,6791
2014-07-20,0,0
2014-07-19,119,8214
2014-07-18,155,7142
2014-07-17,111,6579
2014-07-16,172,5298
2014-07-15,207,4862
2014-07-14,204,5114
2014-07-13,0,0
2014-07-12,157,4832
2014-07-11,163,4637
2014-07-10,178,4815
2014-07-09,190,4751
2014-07-08,265,4419
2014-07-07,212,5504
2014-07-05,226,4722
2014-07-04,149,5738
2014-07-03,210,5155
2014-07-02,208,4413
2014-07-01,241,4908
2014-06-30,240,5018
2014-06-29,0,0
2014-06-28,189,4810
2014-06-27,207,4968
2014-06-26,185,5283
2014-06-25,210,4689
2014-06-24,173,4627
2014-06-23,251,4152
2014-06-22,0,0
2014-06-21,189,4898
2014-06-20,197,4652
2014-06-19,191,4554
2014-06-18,221,4490
2014-06-17,207,4018
2014-06-16,193,3578
2014-06-15,0,0
2014-06-14,129,3054
2014-06-13,173,2865
2014-06-12,211,3080
2014-06-11,203,3379
2014-06-10,199,3677
2014-06-09,208,2694
2014-06-07,128,2279
2014-06-06,162,2476
2014-06-05,196,2427
2014-06-04,148,2377
2014-06-03,195,2919
2014-06-02,175,2695
2014-06-01,0,0
2014-05-31,86,2306
2014-05-30,159,2033
2014-05-29,146,2240
2014-05-28,198,2214
2014-05-27,179,2500
2014-05-26,191,2504
2014-05-25,0,0
2014-05-24,92,2111
2014-05-23,144,2374
2014-05-22,175,2200
2014-05-21,200,2704
2014-05-20,204,2800
2014-05-19,183,2977
2014-05-18,0,0
2014-05-17,98,2596
2014-05-16,146,2551
2014-05-15,174,2451
2014-05-14,183,2746
2014-05-13,170,2411
2014-05-12,208,2677
2014-05-11,0,0
2014-05-10,84,2810
2014-05-09,181,2247
2014-05-08,166,2799
2014-05-07,207,2822
2014-05-06,126,3344
2014-05-05,144,3379
2014-05-03,96,3045
2014-05-02,141,2457
2014-05-01,135,2075
2014-04-30,162,2180
2014-04-29,145,2474
2014-04-28,188,2502
2014-04-27,0,0
2014-04-26,83,2560
2014-04-25,107,2192
2014-04-24,150,2163
2014-04-23,176,2173
2014-04-22,136,2339
2014-04-21,187,2212
2014-04-20,0,0
2014-04-19,80,2145
2014-04-18,128,1941
2014-04-17,150,2022
2014-04-16,130,2024
2014-04-15,173,2347
2014-04-14,164,2564
2014-04-13,0,0
2014-04-12,100,2394
2014-04-11,151,2200
2014-04-10,158,2249
2014-04-09,154,2310
2014-04-08,193,2389
2014-04-07,173,2454
2014-04-05,98,2215
2014-04-04,148,2298
2014-04-03,111,2482
2014-04-02,182,2236
2014-04-01,161,2733
2014-03-31,162,2994
2014-03-30,0,0
2014-03-29,131,2767
2014-03-28,138,2903
2014-03-27,117,2624
2014-03-26,137,2742
2014-03-25,184,2776
2014-03-24,160,3023
2014-03-23,0,0
2014-03-22,89,2330
2014-03-21,159,2183
2014-03-20,154,2573
2014-03-19,127,2348
2014-03-18,181,2453
2014-03-17,247,2581
2014-03-16,0,0
2014-03-15,107,2789
2014-03-14,94,2602
2014-03-13,144,2780
2014-03-12,182,2758
2014-03-11,118,2954
2014-03-10,184,2586
2014-03-08,115,2800
2014-03-07,133,2892
2014-03-06,133,2644
2014-03-05,178,2612
2014-03-04,168,2834
2014-03-03,179,3172
2014-03-01,128,2974
2014-02-28,133,3082
2014-02-27,73,3164
2014-02-26,164,2916
2014-02-25,114,3017
2014-02-24,217,2760
2014-02-23,0,0
2014-02-22,127,3054
2014-02-21,162,3417
2014-02-20,124,3424
2014-02-19,93,3276
2014-02-18,112,3045
2014-02-17,156,2892
2014-02-16,0,0
2014-02-15,87,2612
2014-02-14,124,2551
2014-02-13,142,2570
2014-02-12,127,2847
2014-02-11,161,2855
2014-02-10,207,3254
2014-02-08,150,3556
2014-02-07,96,3658
2014-02-06,79,3609
2014-02-05,97,3730
2014-02-04,124,3713
2014-02-03,96,4151
2014-02-01,0,0
2014-01-31,0,0
2014-01-30,4,3782
2014-01-29,81,3782
2014-01-28,129,3726
2014-01-27,199,3662
2014-01-26,0,0
2014-01-25,127,3567
2014-01-24,162,3594
2014-01-23,161,3729
2014-01-22,133,3194
2014-01-21,162,3671
2014-01-20,185,3796
2014-01-19,0,0
2014-01-18,134,3634
2014-01-17,145,3976
2014-01-16,111,4216
2014-01-15,91,3841
2014-01-14,123,3609
2014-01-13,164,4053
2014-01-12,0,0
2014-01-11,99,3530
2014-01-10,145,3987
2014-01-09,99,4192
2014-01-08,117,4298
2014-01-07,156,4141
2014-01-06,191,4234
2014-01-04,135,4560
2014-01-03,184,4972
2014-01-02,0,4690
2014-01-01,0,0
2013-12-31,103,4400
2013-12-30,93,4592
2013-12-29,0,0
2013-12-28,73,4301
2013-12-27,164,4078
2013-12-26,90,4972
2013-12-25,108,4322
2013-12-24,158,4240
2013-12-23,165,4496
2013-12-22,0,0
2013-12-21,87,4517
2013-12-20,108,4430
2013-12-19,166,4249
2013-12-18,136,4375
2013-12-17,167,4222
2013-12-16,113,4495
2013-12-15,0,0
2013-12-14,137,3674
2013-12-13,127,4091
2013-12-12,148,4343
2013-12-11,121,4307
2013-12-10,207,4497
2013-12-09,256,4687
2013-12-07,284,4590
2013-12-06,249,5245
2013-12-05,316,4863
2013-12-04,374,4587
2013-12-03,287,5000
2013-12-02,459,5690
2013-12-01,0,0
2013-11-30,301,6748
2013-11-29,275,7222
2013-11-28,264,6733
2013-11-27,388,5686
2013-11-26,342,4777
2013-11-25,628,6385
2013-11-24,0,0
2013-11-23,582,6865
2013-11-22,530,6929
2013-11-21,479,6094
2013-11-20,353,5832
2013-11-19,496,4162
2013-11-18,583,5489
2013-11-17,0,0
2013-11-16,707,5787
2013-11-15,502,6726
2013-11-14,454,5239
2013-11-13,381,4771
2013-11-12,410,4282
2013-11-11,571,5034
2013-11-09,400,5438
2013-11-08,304,4855
2013-11-07,279,3893
2013-11-06,364,3317
2013-11-05,348,3512
2013-11-04,267,4153
2013-11-02,234,3484
2013-11-01,280,3256
2013-10-31,305,3308
2013-10-30,271,3730
2013-10-29,281,3804
2013-10-28,298,3915
2013-10-27,0,0
2013-10-26,227,3938
2013-10-25,279,3918
2013-10-24,191,4445
2013-10-23,253,3705
2013-10-22,321,3536
2013-10-21,279,3871
2013-10-20,0,0
2013-10-19,229,3391
2013-10-18,240,3483
2013-10-17,262,2987
2013-10-16,304,3544
2013-10-15,331,3381
2013-10-14,369,3547
2013-10-13,0,0
2013-10-12,301,3460
2013-10-11,341,3996
2013-10-10,247,5053
2013-10-09,171,4865
2013-10-08,283,4890
2013-10-07,361,4707
2013-10-05,307,4047
2013-10-04,333,4748
2013-10-03,310,5547
2013-10-02,376,5753
2013-10-01,311,6774
2013-09-30,233,7556
2013-09-29,0,0
2013-09-28,388,4983
2013-09-27,356,6393
2013-09-26,172,7440
2013-09-25,316,6530
2013-09-24,380,7295
2013-09-23,472,9266
2013-09-22,0,0
2013-09-21,0,0
2013-09-20,0,0
2013-09-19,0,0
2013-09-18,75,12472
2013-09-17,328,11093
2013-09-16,549,8759
2013-09-15,0,0
2013-09-14,397,9347
2013-09-13,524,8945
2013-09-12,404,9276
2013-09-11,519,10407
2013-09-10,527,10002
2013-09-09,629,9452
2013-09-07,409,11057
2013-09-06,448,10510
2013-09-05,463,9847
2013-09-04,482,9466
2013-09-03,403,10274
2013-09-02,461,8929
2013-09-01,0,0
2013-08-31,215,11203
2013-08-30,285,13186
2013-08-29,281,13601
2013-08-28,256,14036
2013-08-27,242,14357
2013-08-26,305,13200
2013-08-25,0,0
2013-08-24,157,13856
2013-08-23,251,12300
2013-08-22,218,12720
2013-08-21,225,12034
2013-08-20,226,11741
2013-08-19,221,11607
2013-08-18,0,0
2013-08-17,131,10970
2013-08-16,184,9168
2013-08-15,198,9096
2013-08-14,172,10431
2013-08-13,205,9618
2013-08-12,220,10640
2013-08-11,0,0
2013-08-10,155,9674
2013-08-09,173,10264
2013-08-08,168,9143
2013-08-07,208,8282
2013-08-06,249,7991
2013-08-05,170,9099
2013-08-03,102,6034
2013-08-02,234,7426
2013-08-01,190,8740
2013-07-31,262,6899
2013-07-30,248,7475
2013-07-29,199,7909
2013-07-28,0,0
2013-07-27,181,6355
2013-07-26,287,5379
2013-07-25,185,7192
2013-07-24,199,6027
2013-07-23,158,4769
2013-07-22,285,5407
2013-07-21,0,0
2013-07-20,179,5902
2013-07-19,216,4476
2013-07-18,194,5063
2013-07-17,273,4083
2013-07-16,112,6556
2013-07-15,193,3969
2013-07-14,0,0
2013-07-13,110,5527
2013-07-12,169,3959
2013-07-11,154,3642
2013-07-10,172,3637
2013-07-09,157,4172
2013-07-08,232,3867
2013-07-06,69,5001
2013-07-05,215,3282
2013-07-04,214,4328
2013-07-03,269,4131
2013-07-02,273,4464
2013-07-01,271,4350
2013-06-30,0,0
2013-06-29,158,4653
2013-06-28,197,4302
2013-06-27,207,3692
2013-06-26,229,3517
2013-06-25,227,4156
2013-06-24,204,4626
2013-06-23,0,0
2013-06-22,233,3234
2013-06-21,301,3641
2013-06-20,244,4561
2013-06-19,218,5880
2013-06-18,339,5481
2013-06-17,437,4751
2013-06-16,0,0
2013-06-15,238,5618
2013-06-14,284,4762
2013-06-13,246,4997
2013-06-12,192,5604
2013-06-11,225,4934
2013-06-10,297,4626
2013-06-08,229,4185
2013-06-07,261,3854
2013-06-06,222,3826
2013-06-05,268,3886
2013-06-04,264,4601
2013-06-03,231,4490
2013-06-01,226,3481
2013-05-31,273,4223
2013-05-30,199,4731
2013-05-29,128,4405
2013-05-28,181,5802
2013-05-27,236,5123
2013-05-26,0,0
2013-05-25,125,4881
2013-05-24,205,4319
2013-05-23,216,4868
2013-05-22,294,4849
2013-05-21,219,6454
2013-05-20,227,6344
2013-05-19,0,0
2013-05-18,72,6910
2013-05-17,180,5969
2013-05-16,215,6417
2013-05-15,239,6781
2013-05-14,213,7429
2013-05-13,218,7708
2013-05-12,0,0
2013-05-11,158,7456
2013-05-10,169,7323
2013-05-09,173,6323
2013-05-08,184,6274
2013-05-07,246,5675
2013-05-06,262,6340
2013-05-04,208,5945
2013-05-03,226,6427
2013-05-02,213,6452
2013-05-01,237,6435
2013-04-30,257,7070
2013-04-29,310,7059
2013-04-28,0,0
2013-04-27,184,7359
2013-04-26,214,7700
2013-04-25,251,8210
2013-04-24,264,8955
2013-04-23,217,9959
2013-04-22,246,9176
2013-04-21,0,0
2013-04-20,175,8538
2013-04-19,280,8496
2013-04-18,270,8270
2013-04-17,271,8858
2013-04-16,180,8837
2013-04-15,218,8681
2013-04-14,0,0
2013-04-13,159,8106
2013-04-12,244,8147
2013-04-11,281,8629
2013-04-10,248,8955
2013-04-09,210,9040
2013-04-08,251,8958
2013-04-06,148,8445
2013-04-05,202,8653
2013-04-04,184,8691
2013-04-03,221,8963
2013-04-02,217,9240
2013-04-01,200,8638
2013-03-31,0,0
2013-03-30,169,7781
2013-03-29,221,8193
2013-03-28,194,7942
2013-03-27,221,8207
2013-03-26,234,8712
2013-03-25,263,8678
2013-03-24,0,0
2013-03-23,141,8443
2013-03-22,151,8717
2013-03-21,209,8681
2013-03-20,206,9447
2013-03-19,183,8485
2013-03-18,283,8356
2013-03-17,0,0
2013-03-16,203,7010
2013-03-15,179,9108
2013-03-14,235,8970
2013-03-13,199,9939
2013-03-12,232,8361
2013-03-11,250,8511
2013-03-09,165,8311
2013-03-08,203,9089
2013-03-07,206,9069
2013-03-06,250,9519
2013-03-05,179,10309
2013-03-04,230,9952
2013-03-02,75,10689
2013-03-01,179,8355
2013-02-28,158,9449
2013-02-27,96,9125
2013-02-26,203,8796
2013-02-25,235,8871
2013-02-24,0,0
2013-02-23,111,9667
2013-02-22,151,8802
2013-02-21,233,9018
2013-02-20,178,9643
2013-02-19,168,9316
2013-02-18,197,10460
2013-02-17,0,0
2013-02-16,141,9443
2013-02-15,226,10720
2013-02-14,166,10462
2013-02-13,91,8721
2013-02-12,0,0
2013-02-11,0,0
2013-02-09,4,10054
2013-02-08,68,10054
2013-02-07,165,9147
2013-02-06,256,9037
2013-02-05,197,9866
2013-02-04,241,9025
2013-02-02,100,7809
2013-02-01,212,8803
2013-01-31,160,8936
2013-01-30,134,9045
2013-01-29,155,8507
2013-01-28,209,8784
2013-01-27,0,0
2013-01-26,121,8189
2013-01-25,132,9664
2013-01-24,183,8423
2013-01-23,119,8851
2013-01-22,177,9481
2013-01-21,162,10001
2013-01-20,0,0
2013-01-19,100,8364
2013-01-18,208,8286
2013-01-17,178,8810
2013-01-16,203,8946
2013-01-15,137,10254
2013-01-14,205,9955
2013-01-13,0,0
2013-01-12,122,9460
2013-01-11,121,10097
2013-01-10,159,9645
2013-01-09,190,10604
2013-01-08,115,10962
2013-01-07,147,9961
2013-01-05,130,9250
2013-01-04,157,10454
2013-01-03,230,10515
2013-01-01,0,0
2012-12-31,125,11252
2012-12-30,0,0
2012-12-29,122,10955
2012-12-28,108,9651
2012-12-27,86,9744
2012-12-26,161,8476
2012-12-25,133,8843
2012-12-24,119,9826
2012-12-23,0,0
2012-12-22,159,7684
2012-12-21,196,8581
2012-12-20,170,8162
2012-12-19,228,9058
2012-12-18,309,9548
2012-12-17,363,9166
2012-12-16,0,0
2012-12-15,178,10861
2012-12-14,220,9727
2012-12-13,228,8782
2012-12-12,274,9222
2012-12-11,122,10356
2012-12-10,189,10390
2012-12-08,158,10143
2012-12-07,172,10290
2012-12-06,245,9449
2012-12-05,294,7579
2012-12-04,308,7118
2012-12-03,488,7144
2012-12-01,559,7720
2012-11-30,505,8687
2012-11-29,571,7027
2012-11-28,536,6796
2012-11-27,416,6696
2012-11-26,532,7428
2012-11-25,0,0
2012-11-24,640,7657
2012-11-23,588,7948
2012-11-22,422,8264
2012-11-21,507,7252
2012-11-20,508,5663
2012-11-19,621,7151
2012-11-18,0,0
2012-11-17,419,8225
2012-11-16,477,7545
2012-11-15,305,7518
2012-11-14,413,6331
2012-11-13,366,6683
2012-11-12,422,7409
2012-11-11,0,0
2012-11-10,351,7807
2012-11-09,258,7355
2012-11-08,292,6321
2012-11-07,251,6422
2012-11-06,301,6189
2012-11-05,300,6946
2012-11-03,266,6397
2012-11-02,248,6349
2012-11-01,289,6181
2012-10-31,259,6277
2012-10-30,320,5968
2012-10-29,251,7076
2012-10-28,0,0
2012-10-27,234,6455
2012-10-26,309,6479
2012-10-25,364,6530
2012-10-24,305,6984
2012-10-23,292,6690
2012-10-22,316,7170
2012-10-21,0,0
2012-10-20,311,6253
2012-10-19,295,7509
2012-10-18,288,7037
2012-10-17,347,7205
2012-10-16,332,7895
2012-10-15,316,8064
2012-10-14,0,0
2012-10-13,218,7622
2012-10-12,288,8093
2012-10-11,333,7829
2012-10-10,289,9062
2012-10-09,280,8487
2012-10-08,347,9055
2012-10-06,327,9016
2012-10-05,332,11127
2012-10-04,210,12602
2012-10-03,179,12440
2012-10-01,0,0
2012-09-30,0,0
2012-09-29,66,8526
2012-09-28,256,11718
2012-09-27,312,10297
2012-09-26,435,10048
2012-09-25,463,10231
2012-09-24,492,10370
2012-09-23,0,0
2012-09-22,444,10847
2012-09-21,434,11592
2012-09-20,460,10709
2012-09-19,411,11646
2012-09-18,235,12311
2012-09-17,416,12079
2012-09-16,0,0
2012-09-15,319,10777
2012-09-14,298,11114
2012-09-13,358,9531
2012-09-12,383,9524
2012-09-11,437,8635
2012-09-10,322,10642
2012-09-08,290,10691
2012-09-07,319,9431
2012-09-06,234,10157
2012-09-05,251,9118
2012-09-04,304,8461
2012-09-03,337,8617
2012-09-01,151,10023
2012-08-31,223,6940
2012-08-30,371,6836
2012-08-29,201,9293
2012-08-28,308,8761
2012-08-27,348,6894
2012-08-26,0,0
2012-08-25,297,6436
2012-08-24,192,7861
2012-08-23,209,5949
2012-08-22,207,6274
2012-08-21,263,5917
2012-08-20,314,6123
2012-08-19,0,0
2012-08-18,232,6630
2012-08-17,171,8039
2012-08-16,263,7175
2012-08-15,275,8349
2012-08-14,188,9192
2012-08-13,293,7913
2012-08-12,0,0
2012-08-11,174,8167
2012-08-10,187,7523
2012-08-09,192,6208
2012-08-08,196,6167
2012-08-07,227,6149
2012-08-06,236,5859
2012-08-04,158,7265
2012-08-03,174,5683
2012-08-02,186,4942
2012-08-01,184,4147
2012-07-31,171,5555
2012-07-30,213,5115
2012-07-29,0,0
2012-07-28,142,5271
2012-07-27,167,4477
2012-07-26,241,3968
2012-07-25,215,4653
2012-07-24,228,5131
2012-07-23,230,5306
2012-07-22,0,0
2012-07-21,156,5157
2012-07-20,141,5129
2012-07-19,180,5143
2012-07-18,217,5550
2012-07-17,327,4373
2012-07-16,148,7106
2012-07-15,0,0
2012-07-14,124,5494
2012-07-13,220,5062
2012-07-12,190,4524
2012-07-11,209,5823
2012-07-10,246,5480
2012-07-09,284,5967
2012-07-07,88,6409
2012-07-06,228,5693
2012-07-05,198,6141
2012-07-04,259,6050
2012-07-03,254,7476
2012-07-02,205,9262
2012-07-01,0,0
2012-06-30,179,8253
2012-06-29,211,7604
2012-06-28,151,8143
2012-06-27,212,6599
2012-06-26,191,6876
2012-06-25,176,6161
2012-06-24,0,0
2012-06-23,148,4377
2012-06-22,208,3594
2012-06-21,180,4157
2012-06-20,253,3425
2012-06-19,225,3679
2012-06-18,270,3000
2012-06-17,0,0
2012-06-16,179,3190
2012-06-15,199,2899
2012-06-14,210,2879
2012-06-13,198,3115
2012-06-12,232,2772
2012-06-11,303,2766
2012-06-09,177,3164
2012-06-08,186,3713
2012-06-07,185,3381
2012-06-06,244,3192
2012-06-05,209,3690
2012-06-04,222,3567
2012-06-02,164,2575
2012-06-01,196,2955
2012-05-31,251,2761
2012-05-30,295,2829
2012-05-29,262,3715
2012-05-28,169,4255
2012-05-27,0,0
2012-05-26,221,3619
2012-05-25,242,4244
2012-05-24,193,4735
2012-05-23,153,4785
2012-05-22,212,3872
2012-05-21,236,4463
2012-05-20,0,0
2012-05-19,187,3922
2012-05-18,250,4951
2012-05-17,287,4871
2012-05-16,228,5617
2012-05-15,214,5905
2012-05-14,217,5611
2012-05-13,0,0
2012-05-12,100,5689
2012-05-11,200,4917
2012-05-10,193,4836
2012-05-09,264,4852
2012-05-08,181,5754
2012-05-07,223,5126
2012-05-05,143,4749
2012-05-04,221,5908
2012-05-03,237,5844
2012-05-02,214,7273
2012-05-01,226,7574
2012-04-30,276,8452
2012-04-29,0,0
2012-04-28,100,9979
2012-04-27,131,10032
2012-04-26,152,11810
2012-04-25,184,12059
2012-04-24,155,12276
2012-04-23,145,11287
2012-04-22,0,0
2012-04-21,100,9345
2012-04-20,114,9484
2012-04-19,141,9251
2012-04-18,197,10200
2012-04-17,155,9455
2012-04-16,203,10655
2012-04-15,0,0
2012-04-14,97,10358
2012-04-13,128,11303
2012-04-12,169,10505
2012-04-11,129,13150
2012-04-10,156,11118
2012-04-09,178,9606
2012-04-07,88,9484
2012-04-06,122,8271
2012-04-05,138,8245
2012-04-04,122,10130
2012-04-03,137,9078
2012-04-02,171,8943
2012-04-01,0,0
2012-03-31,86,9132
2012-03-30,108,8751
2012-03-29,131,8373
2012-03-28,169,7787
2012-03-27,115,8495
2012-03-26,178,7367
2012-03-25,0,0
2012-03-24,85,9019
2012-03-23,149,8129
2012-03-22,172,7224
2012-03-21,168,8161
2012-03-20,210,7567
2012-03-19,178,8291
2012-03-18,0,0
2012-03-17,31,8943
2012-03-16,136,7592
2012-03-15,143,7520
2012-03-14,125,7861
2012-03-13,140,8315
2012-03-12,153,7887
2012-03-11,0,0
2012-03-10,102,6437
2012-03-09,157,7219
2012-03-08,168,8053
2012-03-07,157,7659
2012-03-06,110,7955
2012-03-05,172,7097
2012-03-03,89,6783
2012-03-02,143,6311
2012-03-01,149,5689
2012-02-29,154,6310
2012-02-28,94,6875
2012-02-27,138,5703
2012-02-26,0,0
2012-02-25,146,4552
2012-02-24,180,5455
2012-02-23,131,5852
2012-02-22,136,5294
2012-02-21,96,5244
2012-02-20,77,5868
2012-02-19,0,0
2012-02-18,114,3490
2012-02-17,137,4062
2012-02-16,169,4443
2012-02-15,68,4598
2012-02-14,128,3667
2012-02-13,135,4029
2012-02-12,0,0
2012-02-11,136,3676
2012-02-10,82,4490
2012-02-09,106,3802
2012-02-08,109,3437
2012-02-07,120,3480
2012-02-06,112,3062
2012-02-04,21,2001
2012-02-03,40,2540
2012-02-02,68,2657
2012-02-01,99,2833
2012-01-31,140,3052
2012-01-30,233,2987
2012-01-29,0,0
2012-01-28,60,3714
2012-01-27,106,3372
2012-01-26,43,3893
2012-01-25,0,0
2012-01-23,0,0
2012-01-22,0,0
2012-01-21,10,2631
2012-01-20,110,2631
2012-01-19,106,2530
2012-01-18,164,2343
2012-01-17,140,2566
2012-01-16,195,2328
2012-01-15,0,0
2012-01-14,120,2420
2012-01-13,127,2492
2012-01-12,133,2783
2012-01-11,128,2843
2012-01-10,115,2689
2012-01-09,156,2445
2012-01-07,114,2405
2012-01-06,123,2623
2012-01-05,96,2656
2012-01-04,0,2921
2012-01-03,0,2613
2012-01-02,0,2323
2012-01-01,0,0
