DATE,intake
2025-04-12,327
2025-04-11,507
2025-04-10,518
2025-04-09,455
2025-04-08,508
2025-04-07,624
2025-04-05,383
2025-04-04,484
2025-04-03,486
2025-04-02,365
2025-04-01,393
2025-03-31,379
2025-03-29,289
2025-03-28,414
2025-03-27,493
2025-03-26,447
2025-03-25,523
2025-03-24,531
2025-03-22,430
2025-03-21,535
2025-03-20,637
2025-03-19,508
2025-03-18,387
2025-03-17,498
2025-03-15,284
2025-03-14,495
2025-03-13,450
2025-03-12,516
2025-03-11,536
2025-03-10,549
2025-03-08,466
2025-03-07,661
2025-03-06,655
2025-03-04,459
2025-03-03,389
2025-03-01,241
2025-02-28,326
2025-02-27,351
2025-02-26,336
2025-02-25,363
2025-02-24,302
2025-02-22,243
2025-02-21,318
2025-02-20,324
2025-02-19,392
2025-02-18,450
2025-02-17,437
2025-02-15,400
2025-02-14,420
2025-02-13,405
2025-02-11,435
2025-02-10,410
2025-02-08,208
2025-02-07,243
2025-02-06,298
2025-02-05,393
2025-02-04,336
2025-02-03,286
2025-02-01,196
2025-01-28,78
2025-01-27,244
2025-01-25,352
2025-01-24,443
2025-01-23,491
2025-01-22,498
2025-01-21,545
2025-01-20,560
2025-01-18,276
2025-01-17,479
2025-01-16,353
2025-01-15,408
2025-01-14,314
2025-01-13,388
2025-01-11,194
2025-01-10,333
2025-01-09,460
2025-01-08,387
2025-01-07,432
2025-01-06,481
2025-01-04,331
2025-01-03,328
2024-12-31,155
2024-12-30,291
2024-12-28,246
2024-12-27,289
2024-12-26,238
2024-12-25,351
2024-12-24,375
2024-12-23,384
2024-12-21,260
2024-12-20,269
2024-12-19,393
2024-12-18,207
2024-12-17,471
2024-12-16,348
2024-12-14,448
2024-12-13,508
2024-12-12,454
2024-12-11,343
2024-12-10,354
2024-12-09,557
2024-12-07,535
2024-12-06,804
2024-12-05,646
2024-12-04,590
2024-12-03,688
2024-12-02,966
2024-11-30,903
2024-11-29,1129
2024-11-28,632
2024-11-27,751
2024-11-26,865
2024-11-25,870
2024-11-23,1156
2024-11-22,1079
2024-11-21,903
2024-11-20,919
2024-11-19,853
2024-11-18,1073
2024-11-16,1058
2024-11-15,940
2024-11-14,779
2024-11-13,729
2024-11-12,856
2024-11-11,767
2024-11-09,799
2024-11-08,699
2024-11-07,644
2024-11-06,636
2024-11-05,686
2024-11-04,662
2024-11-02,485
2024-11-01,581
2024-10-31,599
2024-10-30,656
2024-10-29,543
2024-10-28,673
2024-10-26,563
2024-10-25,693
2024-10-24,516
2024-10-23,395
2024-10-22,568
2024-10-21,493
2024-10-19,461
2024-10-18,654
2024-10-17,619
2024-10-16,468
2024-10-15,543
2024-10-14,464
2024-10-12,416
2024-10-11,502
2024-10-10,623
2024-10-09,555
2024-10-08,515
2024-10-07,678
2024-10-05,370
2024-10-04,470
2024-10-03,400
2024-10-02,354
2024-10-01,376
2024-09-30,467
2024-09-28,474
2024-09-27,625
2024-09-26,653
2024-09-25,537
2024-09-24,531
2024-09-23,464
2024-09-21,448
2024-09-20,787
2024-09-16,163
2024-09-14,422
2024-09-13,488
2024-09-12,783
2024-09-11,847
2024-09-10,1042
2024-09-09,943
2024-09-07,644
2024-09-06,759
2024-09-05,679
2024-09-04,636
2024-09-03,714
2024-09-02,641
2024-08-31,438
2024-08-30,448
2024-08-29,572
2024-08-28,508
2024-08-27,664
2024-08-26,782
2024-08-24,462
2024-08-23,511
2024-08-22,412
2024-08-21,462
2024-08-20,465
2024-08-19,571
2024-08-17,359
2024-08-16,367
2024-08-15,435
2024-08-14,370
2024-08-13,483
2024-08-12,553
2024-08-10,425
2024-08-09,447
2024-08-08,381
2024-08-07,375
2024-08-06,487
2024-08-05,536
2024-08-02,433
2024-08-01,406
2024-07-31,425
2024-07-30,579
2024-07-29,506
2024-07-27,318
2024-07-26,492
2024-07-25,571
2024-07-24,380
2024-07-23,499
2024-07-22,509
2024-07-20,365
2024-07-19,326
2024-07-18,339
2024-07-17,361
2024-07-16,547
2024-07-15,519
2024-07-13,428
2024-07-12,441
2024-07-11,288
2024-07-10,501
2024-07-09,311
2024-07-08,452
2024-07-06,375
2024-07-05,645
2024-07-04,347
2024-07-03,571
2024-07-02,464
2024-07-01,393
2024-06-29,389
2024-06-28,377
2024-06-27,466
2024-06-26,491
2024-06-25,404
2024-06-24,416
2024-06-22,318
2024-06-21,338
2024-06-20,524
2024-06-19,454
2024-06-18,513
2024-06-17,382
2024-06-15,428
2024-06-14,310
2024-06-13,346
2024-06-12,329
2024-06-11,536
2024-06-10,364
2024-06-08,275
2024-06-07,310
2024-06-06,318
2024-06-05,408
2024-06-04,492
2024-06-03,410
2024-06-01,313
2024-05-31,452
2024-05-30,339
2024-05-29,307
2024-05-28,343
2024-05-27,471
2024-05-25,338
2024-05-24,334
2024-05-23,422
2024-05-22,390
2024-05-21,492
2024-05-20,662
2024-05-18,284
2024-05-17,433
2024-05-16,412
2024-05-15,446
2024-05-14,456
2024-05-13,457
2024-05-11,210
2024-05-10,335
2024-05-09,408
2024-05-08,342
2024-05-07,438
2024-05-06,429
2024-05-04,356
2024-05-03,404
2024-05-02,324
2024-05-01,305
2024-04-30,399
2024-04-29,412
2024-04-27,313
2024-04-26,376
2024-04-25,426
2024-04-24,379
2024-04-23,374
2024-04-22,336
2024-04-20,297
2024-04-19,377
2024-04-18,310
2024-04-17,368
2024-04-16,402
2024-04-15,416
2024-04-13,250
2024-04-12,335
2024-04-11,357
2024-04-10,366
2024-04-09,354
2024-04-08,321
2024-04-06,276
2024-04-05,356
2024-04-04,359
2024-04-03,359
2024-04-02,382
2024-04-01,418
2024-03-30,238
2024-03-29,293
2024-03-28,355
2024-03-27,376
2024-03-26,389
2024-03-25,434
2024-03-23,297
2024-03-22,385
2024-03-21,395
2024-03-20,362
2024-03-19,388
2024-03-18,345
2024-03-16,274
2024-03-15,283
2024-03-14,384
2024-03-13,264
2024-03-12,320
2024-03-11,438
2024-03-09,270
2024-03-08,367
2024-03-07,240
2024-03-06,323
2024-03-05,350
2024-03-04,386
2024-03-01,302
2024-02-29,364
2024-02-28,349
2024-02-27,320
2024-02-26,290
2024-02-24,185
2024-02-23,218
2024-02-22,275
2024-02-21,261
2024-02-20,317
2024-02-19,381
2024-02-17,177
2024-02-16,328
2024-02-15,267
2024-02-14,223
2024-02-13,177
2024-02-09,87
2024-02-08,355
2024-02-07,368
2024-02-06,346
2024-02-05,443
2024-02-03,396
2024-02-02,411
2024-02-01,450
2024-01-31,416
2024-01-30,333
2024-01-29,417
2024-01-27,216
2024-01-26,262
2024-01-25,158
2024-01-24,234
2024-01-23,422
2024-01-22,396
2024-01-20,208
2024-01-19,208
2024-01-18,231
2024-01-17,243
2024-01-16,266
2024-01-15,363
2024-01-13,244
2024-01-12,244
2024-01-11,382
2024-01-10,248
2024-01-09,224
2024-01-08,221
2024-01-06,317
2024-01-05,381
2024-01-04,404
2024-01-03,415
2023-12-30,390
2023-12-29,301
2023-12-28,435
2023-12-27,266
2023-12-26,269
2023-12-25,346
2023-12-23,124
2023-12-22,288
2023-12-21,378
2023-12-20,128
2023-12-19,269
2023-12-18,354
2023-12-16,102
2023-12-15,329
2023-12-14,214
2023-12-13,345
2023-12-12,279
2023-12-11,278
2023-12-09,446
2023-12-08,538
2023-12-07,548
2023-12-06,539
2023-12-05,668
2023-12-04,846
2023-12-02,34
2023-12-01,756
2023-11-30,737
2023-11-29,560
2023-11-28,569
2023-11-27,751
2023-11-25,1171
2023-11-24,1420
2023-11-23,1316
2023-11-22,1027
2023-11-21,1206
2023-11-20,1358
2023-11-18,1002
2023-11-17,972
2023-11-16,939
2023-11-15,844
2023-11-14,898
2023-11-13,1070
2023-11-11,983
2023-11-10,1054
2023-11-09,982
2023-11-08,1044
2023-11-07,520
2023-11-06,749
2023-11-03,681
2023-11-02,375
2023-11-01,530
2023-10-31,512
2023-10-30,528
2023-10-28,568
2023-10-27,550
2023-10-26,583
2023-10-25,595
2023-10-24,623
2023-10-23,534
2023-10-21,433
2023-10-20,360
2023-10-19,495
2023-10-18,570
2023-10-17,624
2023-10-16,935
2023-10-14,549
2023-10-13,568
2023-10-12,485
2023-10-11,561
2023-10-10,594
2023-10-09,649
2023-10-07,533
2023-10-06,569
2023-10-05,669
2023-10-04,677
2023-10-03,653
2023-10-02,496
2023-09-28,118
2023-09-27,662
2023-09-26,940
2023-09-25,1070
2023-09-23,945
2023-09-22,594
2023-09-21,655
2023-09-20,927
2023-09-19,934
2023-09-18,912
2023-09-16,465
2023-09-15,481
2023-09-14,602
2023-09-13,730
2023-09-12,707
2023-09-11,614
2023-09-09,501
2023-09-08,684
2023-09-07,644
2023-09-06,643
2023-09-05,536
2023-09-04,573
2023-09-02,551
2023-09-01,488
2023-08-31,400
2023-08-30,488
2023-08-29,450
2023-08-28,733
2023-08-26,366
2023-08-25,297
2023-08-24,472
2023-08-23,537
2023-08-22,552
2023-08-21,554
2023-08-19,349
2023-08-18,389
2023-08-17,491
2023-08-16,525
2023-08-15,478
2023-08-14,526
2023-08-12,544
2023-08-11,396
2023-08-10,400
2023-08-09,353
2023-08-08,565
2023-08-07,576
2023-08-04,368
2023-08-03,420
2023-08-02,272
2023-08-01,296
2023-07-31,374
2023-07-29,239
2023-07-28,243
2023-07-27,296
2023-07-26,415
2023-07-25,417
2023-07-24,375
2023-07-22,329
2023-07-21,491
2023-07-20,390
2023-07-19,245
2023-07-18,428
2023-07-17,636
2023-07-15,133
2023-07-14,254
2023-07-13,254
2023-07-12,451
2023-07-11,402
2023-07-10,365
2023-07-08,353
2023-07-07,493
2023-07-06,230
2023-07-05,388
2023-07-04,431
2023-07-03,519
2023-07-01,263
2023-06-30,327
2023-06-29,477
2023-06-28,508
2023-06-27,280
2023-06-26,418
2023-06-24,245
2023-06-23,504
2023-06-22,282
2023-06-21,278
2023-06-20,366
2023-06-19,368
2023-06-17,307
2023-06-16,235
2023-06-15,249
2023-06-14,314
2023-06-13,388
2023-06-12,328
2023-06-10,214
2023-06-09,288
2023-06-08,295
2023-06-07,335
2023-06-06,312
2023-06-05,326
2023-06-03,391
2023-06-02,368
2023-06-01,290
2023-05-31,257
2023-05-30,358
2023-05-29,276
2023-05-27,209
2023-05-26,338
2023-05-25,447
2023-05-24,393
2023-05-23,398
2023-05-22,519
2023-05-20,240
2023-05-19,313
2023-05-18,273
2023-05-17,351
2023-05-16,247
2023-05-15,239
2023-05-13,205
2023-05-12,364
2023-05-11,357
2023-05-10,358
2023-05-09,427
2023-05-08,516
2023-05-06,127
2023-05-05,328
2023-05-04,334
2023-05-03,261
2023-05-02,255
2023-05-01,296
2023-04-29,238
2023-04-28,299
2023-04-27,240
2023-04-26,223
2023-04-25,235
2023-04-24,296
2023-04-22,216
2023-04-21,255
2023-04-20,296
2023-04-19,329
2023-04-18,306
2023-04-17,341
2023-04-15,118
2023-04-14,271
2023-04-13,255
2023-04-12,332
2023-04-11,264
2023-04-10,435
2023-04-08,255
2023-04-07,180
2023-04-06,213
2023-04-05,301
2023-04-04,178
2023-04-03,166
2023-04-01,150
2023-03-31,239
2023-03-30,347
2023-03-29,319
2023-03-28,299
2023-03-27,338
2023-03-25,176
2023-03-24,357
2023-03-23,325
2023-03-22,276
2023-03-21,252
2023-03-20,370
2023-03-18,151
2023-03-17,267
2023-03-16,324
2023-03-15,307
2023-03-14,345
2023-03-13,303
2023-03-11,108
2023-03-10,303
2023-03-09,432
2023-03-08,337
2023-03-07,220
2023-03-06,346
2023-03-04,236
2023-03-03,341
2023-03-02,208
2023-03-01,280
2023-02-28,309
2023-02-27,307
2023-02-25,172
2023-02-24,279
2023-02-23,254
2023-02-22,234
2023-02-21,358
2023-02-20,303
2023-02-18,188
2023-02-17,309
2023-02-16,373
2023-02-15,188
2023-02-14,175
2023-02-13,417
2023-02-11,135
2023-02-10,246
2023-02-09,293
2023-02-08,290
2023-02-07,206
2023-02-06,268
2023-02-04,256
2023-02-03,342
2023-02-02,330
2023-02-01,338
2023-01-31,250
2023-01-30,212
2023-01-28,172
2023-01-27,190
2023-01-26,43
2023-01-25,137
2023-01-21,22
2023-01-20,198
2023-01-19,309
2023-01-18,281
2023-01-17,390
2023-01-16,382
2023-01-14,122
2023-01-13,354
2023-01-12,294
2023-01-11,242
2023-01-10,196
2023-01-09,427
2023-01-07,202
2023-01-06,304
2023-01-05,281
2023-01-04,272
2023-01-03,342
2022-12-31,161
2022-12-30,402
2022-12-29,361
2022-12-28,298
2022-12-27,333
2022-12-26,189
2022-12-24,82
2022-12-23,198
2022-12-22,314
2022-12-21,281
2022-12-20,318
2022-12-19,135
2022-12-17,153
2022-12-16,170
2022-12-15,191
2022-12-14,395
2022-12-13,377
2022-12-12,433
2022-12-10,386
2022-12-09,402
2022-12-08,364
2022-12-07,344
2022-12-06,433
2022-12-05,729
2022-12-03,522
2022-12-02,349
2022-12-01,407
2022-11-30,458
2022-11-29,637
2022-11-28,1015
2022-11-26,1111
2022-11-25,1011
2022-11-24,713
2022-11-23,912
2022-11-22,695
2022-11-21,1057
2022-11-19,1226
2022-11-18,1075
2022-11-17,1011
2022-11-16,954
2022-11-15,879
2022-11-14,1064
2022-11-12,1040
2022-11-11,1052
2022-11-10,854
2022-11-09,821
2022-11-08,945
2022-11-07,857
2022-11-05,534
2022-11-04,664
2022-11-03,545
2022-11-02,699
2022-11-01,758
2022-10-31,645
2022-10-29,538
2022-10-28,473
2022-10-27,501
2022-10-26,546
2022-10-25,546
2022-10-24,798
2022-10-22,559
2022-10-21,617
2022-10-20,578
2022-10-19,550
2022-10-18,607
2022-10-17,769
2022-10-15,338
2022-10-14,570
2022-10-13,594
2022-10-12,665
2022-10-11,443
2022-10-10,643
2022-10-08,642
2022-10-07,580
2022-10-06,922
2022-10-05,532
2022-10-04,260
2022-10-03,352
2022-10-01,427
2022-09-30,556
2022-09-29,524
2022-09-28,503
2022-09-27,639
2022-09-26,540
2022-09-24,552
2022-09-23,544
2022-09-22,462
2022-09-21,695
2022-09-20,387
2022-09-19,472
2022-09-17,413
2022-09-16,554
2022-09-15,535
2022-09-14,505
2022-09-13,478
2022-09-09,183
2022-09-08,818
2022-09-07,750
2022-09-06,783
2022-09-05,897
2022-09-03,904
2022-09-02,1060
2022-09-01,621
2022-08-31,589
2022-08-30,955
2022-08-29,689
2022-08-27,660
2022-08-26,664
2022-08-25,722
2022-08-24,670
2022-08-23,539
2022-08-22,710
2022-08-20,430
2022-08-19,504
2022-08-18,619
2022-08-17,454
2022-08-16,580
2022-08-15,697
2022-08-13,457
2022-08-12,449
2022-08-11,523
2022-08-10,280
2022-08-09,574
2022-08-08,704
2022-08-05,500
2022-08-04,414
2022-08-03,469
2022-08-02,449
2022-08-01,464
2022-07-30,407
2022-07-29,444
2022-07-28,345
2022-07-27,436
2022-07-26,409
2022-07-25,484
2022-07-23,243
2022-07-22,237
2022-07-21,465
2022-07-20,404
2022-07-19,423
2022-07-18,445
2022-07-16,380
2022-07-15,434
2022-07-14,276
2022-07-13,465
2022-07-12,325
2022-07-11,562
2022-07-09,259
2022-07-08,423
2022-07-07,404
2022-07-06,411
2022-07-05,388
2022-07-04,520
2022-07-02,348
2022-07-01,273
2022-06-30,200
2022-06-29,475
2022-06-28,488
2022-06-27,654
2022-06-25,274
2022-06-24,550
2022-06-23,429
2022-06-22,462
2022-06-21,493
2022-06-20,387
2022-06-18,406
2022-06-17,467
2022-06-16,312
2022-06-15,460
2022-06-14,394
2022-06-13,342
2022-06-11,356
2022-06-10,442
2022-06-09,494
2022-06-08,471
2022-06-07,242
2022-06-06,478
2022-06-04,305
2022-06-03,326
2022-06-02,321
2022-06-01,417
2022-05-31,311
2022-05-30,427
2022-05-28,277
2022-05-27,316
2022-05-26,379
2022-05-25,340
2022-05-24,396
2022-05-23,535
2022-05-21,373
2022-05-20,448
2022-05-19,392
2022-05-18,361
2022-05-17,449
2022-05-16,548
2022-05-14,227
2022-05-13,324
2022-05-12,322
2022-05-11,386
2022-05-10,442
2022-05-09,411
2022-05-07,295
2022-05-06,319
2022-05-05,301
2022-05-04,432
2022-05-03,410
2022-05-02,400
2022-04-30,228
2022-04-29,338
2022-04-28,444
2022-04-27,352
2022-04-26,397
2022-04-25,402
2022-04-23,209
2022-04-22,370
2022-04-21,431
2022-04-20,352
2022-04-19,311
2022-04-18,455
2022-04-16,208
2022-04-15,257
2022-04-14,386
2022-04-13,385
2022-04-12,428
2022-04-11,387
2022-04-09,232
2022-04-08,381
2022-04-07,304
2022-04-06,477
2022-04-05,360
2022-04-04,366
2022-04-02,205
2022-04-01,308
2022-03-31,290
2022-03-30,279
2022-03-29,309
2022-03-28,353
2022-03-26,220
2022-03-25,277
2022-03-24,294
2022-03-23,385
2022-03-22,279
2022-03-21,285
2022-03-19,228
2022-03-18,335
2022-03-17,271
2022-03-16,292
2022-03-15,322
2022-03-14,319
2022-03-12,258
2022-03-11,243
2022-03-10,201
2022-03-09,361
2022-03-08,324
2022-03-07,403
2022-03-05,293
2022-03-04,318
2022-03-03,423
2022-03-02,185
2022-03-01,232
2022-02-28,389
2022-02-26,261
2022-02-25,234
2022-02-24,272
2022-02-23,374
2022-02-22,194
2022-02-21,464
2022-02-19,140
2022-02-18,242
2022-02-17,269
2022-02-16,267
2022-02-15,299
2022-02-14,317
2022-02-12,175
2022-02-11,298
2022-02-10,363
2022-02-09,208
2022-02-08,215
2022-02-07,367
2022-02-05,171
2022-02-04,393
2022-01-30,32
2022-01-29,187
2022-01-28,347
2022-01-27,346
2022-01-26,516
2022-01-25,395
2022-01-24,564
2022-01-22,134
2022-01-21,247
2022-01-20,325
2022-01-19,304
2022-01-18,299
2022-01-17,581
2022-01-15,203
2022-01-14,290
2022-01-13,251
2022-01-12,222
2022-01-11,242
2022-01-10,332
2022-01-08,131
2022-01-07,247
2022-01-06,372
2022-01-05,412
2022-01-04,282
2022-01-03,177
2021-12-31,257
2021-12-30,323
2021-12-29,274
2021-12-28,325
2021-12-27,66
2021-12-25,163
2021-12-24,212
2021-12-23,245
2021-12-22,363
2021-12-21,362
2021-12-20,324
2021-12-18,131
2021-12-17,257
2021-12-16,329
2021-12-15,339
2021-12-14,338
2021-12-13,261
2021-12-11,409
2021-12-10,514
2021-12-09,510
2021-12-08,353
2021-12-07,422
2021-12-06,564
2021-12-04,673
2021-12-03,682
2021-12-02,394
2021-12-01,537
2021-11-30,775
2021-11-29,828
2021-11-27,991
2021-11-26,1136
2021-11-25,1120
2021-11-24,579
2021-11-23,875
2021-11-22,1172
2021-11-20,1293
2021-11-19,1477
2021-11-18,1163
2021-11-17,1269
2021-11-16,1167
2021-11-15,1579
2021-11-13,1177
2021-11-12,1391
2021-11-11,927
2021-11-10,858
2021-11-09,822
2021-11-08,1254
2021-11-06,1020
2021-11-05,679
2021-11-04,789
2021-11-03,584
2021-11-02,723
2021-11-01,696
2021-10-30,648
2021-10-29,661
2021-10-28,683
2021-10-27,603
2021-10-26,750
2021-10-25,708
2021-10-23,459
2021-10-22,526
2021-10-21,661
2021-10-20,664
2021-10-19,570
2021-10-18,455
2021-10-16,431
2021-10-15,507
2021-10-14,705
2021-10-13,498
2021-10-12,619
2021-10-11,641
2021-10-09,410
2021-10-08,717
2021-10-07,628
2021-10-06,646
2021-10-05,555
2021-10-04,823
2021-10-02,570
2021-10-01,489
2021-09-30,254
2021-09-29,481
2021-09-28,664
2021-09-27,675
2021-09-25,695
2021-09-24,836
2021-09-18,336
2021-09-17,748
2021-09-16,760
2021-09-15,756
2021-09-14,843
2021-09-13,899
2021-09-11,810
2021-09-10,723
2021-09-09,663
2021-09-08,451
2021-09-07,714
2021-09-06,674
2021-09-04,656
2021-09-03,657
2021-09-02,288
2021-09-01,412
2021-08-31,700
2021-08-30,638
2021-08-28,575
2021-08-27,551
2021-08-26,522
2021-08-25,195
2021-08-24,533
2021-08-23,552
2021-08-21,448
2021-08-20,565
2021-08-19,408
2021-08-18,321
2021-08-17,541
2021-08-16,464
2021-08-14,314
2021-08-13,348
2021-08-12,461
2021-08-11,503
2021-08-10,381
2021-08-09,475
2021-08-06,398
2021-08-05,314
2021-08-04,407
2021-08-03,265
2021-08-02,401
2021-07-31,226
2021-07-30,284
2021-07-29,274
2021-07-28,299
2021-07-27,317
2021-07-26,339
2021-07-24,281
2021-07-23,403
2021-07-22,361
2021-07-21,439
2021-07-20,349
2021-07-19,460
2021-07-17,182
2021-07-16,335
2021-07-15,349
2021-07-14,599
2021-07-13,497
2021-07-12,427
2021-07-10,348
2021-07-09,478
2021-07-08,490
2021-07-07,581
2021-07-06,734
2021-07-05,353
2021-07-03,514
2021-07-02,621
2021-07-01,518
2021-06-30,505
2021-06-29,512
2021-06-28,495
2021-06-26,315
2021-06-25,424
2021-06-24,479
2021-06-23,441
2021-06-22,426
2021-06-21,454
2021-06-19,265
2021-06-18,346
2021-06-17,387
2021-06-16,554
2021-06-15,406
2021-06-14,606
2021-06-12,125
2021-06-11,372
2021-06-10,230
2021-06-09,401
2021-06-08,340
2021-06-07,359
2021-06-05,372
2021-06-04,238
2021-06-03,333
2021-06-02,339
2021-06-01,468
2021-05-31,370
2021-05-29,304
2021-05-28,306
2021-05-27,293
2021-05-26,339
2021-05-25,396
2021-05-24,472
2021-05-22,335
2021-05-21,256
2021-05-20,298
2021-05-19,283
2021-05-18,425
2021-05-17,312
2021-05-15,210
2021-05-14,418
2021-05-13,353
2021-05-12,439
2021-05-11,501
2021-05-10,528
2021-05-08,214
2021-05-07,292
2021-05-06,329
2021-05-05,382
2021-05-04,414
2021-05-03,400
2021-05-01,217
2021-04-30,331
2021-04-29,420
2021-04-28,344
2021-04-27,330
2021-04-26,377
2021-04-24,198
2021-04-23,284
2021-04-22,215
2021-04-21,290
2021-04-20,374
2021-04-19,399
2021-04-17,91
2021-04-16,303
2021-04-15,374
2021-04-14,441
2021-04-13,231
2021-04-12,515
2021-04-10,184
2021-04-09,271
2021-04-08,231
2021-04-07,334
2021-04-06,333
2021-04-05,450
2021-04-03,134
2021-04-02,280
2021-04-01,292
2021-03-31,247
2021-03-30,321
2021-03-29,424
2021-03-27,129
2021-03-26,245
2021-03-25,331
2021-03-24,277
2021-03-23,339
2021-03-22,436
2021-03-20,72
2021-03-19,148
2021-03-18,287
2021-03-17,306
2021-03-16,299
2021-03-15,390
2021-03-13,45
2021-03-12,336
2021-03-11,321
2021-03-10,259
2021-03-09,304
2021-03-08,519
2021-03-06,78
2021-03-05,226
2021-03-04,230
2021-03-03,172
2021-03-02,356
2021-03-01,331
2021-02-27,203
2021-02-26,268
2021-02-25,327
2021-02-24,375
2021-02-23,290
2021-02-22,447
2021-02-20,208
2021-02-19,161
2021-02-18,121
2021-02-17,208
2021-02-16,219
2021-02-15,226
2021-02-11,20
2021-02-10,309
2021-02-09,256
2021-02-08,420
2021-02-06,217
2021-02-05,293
2021-02-04,346
2021-02-03,360
2021-02-02,370
2021-02-01,412
2021-01-30,131
2021-01-29,430
2021-01-28,440
2021-01-27,226
2021-01-26,378
2021-01-25,219
2021-01-23,146
2021-01-22,332
2021-01-21,263
2021-01-20,307
2021-01-19,250
2021-01-18,356
2021-01-16,234
2021-01-15,240
2021-01-14,303
2021-01-13,102
2021-01-12,281
2021-01-11,126
2021-01-09,6
2021-01-08,97
2021-01-07,156
2021-01-06,413
2021-01-05,368
2021-01-04,297
2020-12-31,100
2020-12-30,544
2020-12-29,274
2020-12-28,283
2020-12-26,111
2020-12-25,274
2020-12-24,215
2020-12-23,392
2020-12-22,298
2020-12-21,418
2020-12-19,217
2020-12-18,150
2020-12-17,101
2020-12-16,126
2020-12-15,283
2020-12-14,91
2020-12-12,313
2020-12-11,430
2020-12-10,277
2020-12-09,478
2020-12-08,391
2020-12-07,595
2020-12-05,662
2020-12-04,728
2020-12-03,421
2020-12-02,525
2020-12-01,591
2020-11-30,876
2020-11-28,998
2020-11-27,1209
2020-11-26,1191
2020-11-25,1013
2020-11-24,1093
2020-11-23,1430
2020-11-21,1426
2020-11-20,687
2020-11-19,885
2020-11-18,1082
2020-11-17,1168
2020-11-16,1240
2020-11-14,1143
2020-11-13,910
2020-11-12,837
2020-11-11,824
2020-11-10,680
2020-11-09,743
2020-11-07,738
2020-11-06,762
2020-11-05,492
2020-11-04,623
2020-11-03,680
2020-11-02,652
2020-10-31,605
2020-10-30,683
2020-10-29,657
2020-10-28,698
2020-10-27,582
2020-10-26,709
2020-10-24,570
2020-10-23,824
2020-10-22,814
2020-10-21,682
2020-10-20,769
2020-10-19,783
2020-10-17,597
2020-10-16,636
2020-10-15,597
2020-10-14,693
2020-10-13,771
2020-10-12,798
2020-10-10,475
2020-10-09,723
2020-10-08,683
2020-10-07,716
2020-10-06,809
2020-10-05,858
2020-09-30,148
2020-09-29,1014
2020-09-28,1119
2020-09-26,772
2020-09-25,828
2020-09-24,859
2020-09-23,1022
2020-09-22,754
2020-09-21,998
2020-09-19,587
2020-09-18,758
2020-09-17,676
2020-09-16,750
2020-09-15,593
2020-09-14,482
2020-09-12,395
2020-09-11,459
2020-09-10,463
2020-09-09,492
2020-09-08,301
2020-09-07,443
2020-09-05,441
2020-09-04,391
2020-09-03,258
2020-09-02,447
2020-09-01,568
2020-08-31,703
2020-08-29,342
2020-08-28,347
2020-08-27,332
2020-08-26,405
2020-08-25,459
2020-08-24,419
2020-08-22,269
2020-08-21,424
2020-08-20,379
2020-08-19,449
2020-08-18,324
2020-08-17,337
2020-08-15,367
2020-08-14,394
2020-08-13,419
2020-08-12,455
2020-08-11,442
2020-08-10,618
2020-08-08,462
2020-08-07,293
2020-08-06,426
2020-08-05,444
2020-08-04,330
2020-08-03,512
2020-07-31,341
2020-07-30,320
2020-07-29,386
2020-07-28,498
2020-07-27,624
2020-07-25,222
2020-07-24,374
2020-07-23,360
2020-07-22,483
2020-07-21,336
2020-07-20,332
2020-07-18,336
2020-07-17,366
2020-07-16,503
2020-07-15,352
2020-07-14,288
2020-07-13,581
2020-07-11,145
2020-07-10,356
2020-07-09,396
2020-07-08,400
2020-07-07,497
2020-07-06,575
2020-07-04,297
2020-07-03,401
2020-07-02,517
2020-07-01,239
2020-06-30,522
2020-06-29,619
2020-06-27,260
2020-06-26,287
2020-06-25,484
2020-06-24,399
2020-06-23,489
2020-06-22,347
2020-06-20,410
2020-06-19,489
2020-06-18,480
2020-06-17,468
2020-06-16,405
2020-06-15,244
2020-06-13,468
2020-06-12,286
2020-06-11,457
2020-06-10,376
2020-06-09,325
2020-06-08,374
2020-06-06,335
2020-06-05,433
2020-06-04,464
2020-06-03,595
2020-06-02,494
2020-06-01,391
2020-05-30,397
2020-05-29,443
2020-05-28,368
2020-05-27,299
2020-05-26,455
2020-05-25,395
2020-05-23,265
2020-05-22,411
2020-05-21,311
2020-05-20,348
2020-05-19,446
2020-05-18,407
2020-05-16,289
2020-05-15,461
2020-05-14,391
2020-05-13,341
2020-05-12,322
2020-05-11,407
2020-05-09,275
2020-05-08,318
2020-05-07,325
2020-05-06,305
2020-05-05,289
2020-05-04,347
2020-05-02,199
2020-05-01,269
2020-04-30,329
2020-04-29,368
2020-04-28,303
2020-04-27,365
2020-04-25,214
2020-04-24,296
2020-04-23,307
2020-04-22,276
2020-04-21,259
2020-04-20,309
2020-04-18,197
2020-04-17,321
2020-04-16,226
2020-04-15,294
2020-04-14,320
2020-04-13,328
2020-04-11,177
2020-04-10,328
2020-04-09,330
2020-04-08,265
2020-04-07,330
2020-04-06,353
2020-04-04,212
2020-04-03,289
2020-04-02,308
2020-04-01,327
2020-03-31,320
2020-03-30,321
2020-03-28,158
2020-03-27,296
2020-03-26,307
2020-03-25,353
2020-03-24,298
2020-03-23,323
2020-03-21,165
2020-03-20,239
2020-03-19,321
2020-03-18,352
2020-03-17,277
2020-03-16,345
2020-03-14,117
2020-03-13,305
2020-03-12,284
2020-03-11,238
2020-03-10,232
2020-03-09,328
2020-03-07,154
2020-03-06,318
2020-03-05,229
2020-03-04,336
2020-03-03,285
2020-03-02,303
2020-02-29,161
2020-02-28,285
2020-02-27,209
2020-02-26,165
2020-02-25,224
2020-02-24,361
2020-02-22,195
2020-02-21,182
2020-02-20,253
2020-02-19,287
2020-02-18,194
2020-02-17,312
2020-02-15,322
2020-02-14,456
2020-02-13,167
2020-02-12,238
2020-02-11,268
2020-02-10,407
2020-02-08,185
2020-02-07,144
2020-02-06,289
2020-02-05,228
2020-02-04,213
2020-02-03,397
2020-02-01,188
2020-01-31,238
2020-01-30,315
2020-01-29,229
2020-01-28,412
2020-01-24,135
2020-01-23,293
2020-01-22,327
2020-01-21,398
2020-01-20,428
2020-01-18,381
2020-01-17,414
2020-01-16,329
2020-01-15,338
2020-01-14,370
2020-01-13,552
2020-01-11,297
2020-01-10,431
2020-01-09,316
2020-01-08,390
2020-01-07,340
2020-01-06,452
2020-01-04,465
2020-01-03,708
2019-12-31,142
2019-12-30,440
2019-12-28,254
2019-12-27,263
2019-12-26,186
2019-12-25,417
2019-12-24,386
2019-12-23,376
2019-12-21,294
2019-12-20,420
2019-12-19,390
2019-12-18,296
2019-12-17,394
2019-12-16,474
2019-12-14,269
2019-12-13,447
2019-12-12,467
2019-12-11,524
2019-12-10,403
2019-12-09,605
2019-12-07,478
2019-12-06,614
2019-12-05,613
2019-12-04,592
2019-12-03,448
2019-12-02,747
2019-11-30,1042
2019-11-29,938
2019-11-28,864
2019-11-27,1029
2019-11-26,926
2019-11-25,1431
2019-11-23,1348
2019-11-22,1083
2019-11-21,1092
2019-11-20,875
2019-11-19,896
2019-11-18,1113
2019-11-16,954
2019-11-15,1159
2019-11-14,815
2019-11-13,930
2019-11-12,1008
2019-11-11,919
2019-11-09,539
2019-11-08,694
2019-11-07,705
2019-11-06,754
2019-11-05,748
2019-11-04,779
2019-11-02,512
2019-11-01,635
2019-10-31,487
2019-10-30,565
2019-10-29,654
2019-10-28,583
2019-10-26,550
2019-10-25,553
2019-10-24,638
2019-10-23,499
2019-10-22,472
2019-10-21,797
2019-10-19,398
2019-10-18,590
2019-10-17,710
2019-10-16,714
2019-10-15,482
2019-10-14,613
2019-10-12,518
2019-10-11,536
2019-10-10,450
2019-10-09,436
2019-10-08,543
2019-10-07,725
2019-10-05,528
2019-10-04,436
2019-10-03,423
2019-10-02,520
2019-10-01,488
2019-09-30,450
2019-09-28,257
2019-09-27,428
2019-09-26,362
2019-09-25,368
2019-09-24,432
2019-09-23,315
2019-09-21,273
2019-09-20,485
2019-09-19,382
2019-09-18,340
2019-09-17,420
2019-09-16,480
2019-09-12,108
2019-09-11,619
2019-09-10,707
2019-09-09,858
2019-09-07,671
2019-09-06,838
2019-09-05,909
2019-09-04,588
2019-09-03,629
2019-09-02,812
2019-08-31,673
2019-08-30,700
2019-08-29,647
2019-08-28,459
2019-08-27,581
2019-08-26,557
2019-08-24,482
2019-08-23,466
2019-08-22,456
2019-08-21,507
2019-08-20,661
2019-08-19,722
2019-08-17,478
2019-08-16,491
2019-08-15,413
2019-08-14,366
2019-08-13,577
2019-08-12,458
2019-08-10,431
2019-08-09,392
2019-08-08,616
2019-08-07,478
2019-08-06,491
2019-08-05,437
2019-08-02,463
2019-08-01,421
2019-07-31,383
2019-07-30,370
2019-07-29,509
2019-07-27,146
2019-07-26,387
2019-07-25,355
2019-07-24,505
2019-07-23,626
2019-07-22,259
2019-07-20,339
2019-07-19,374
2019-07-18,681
2019-07-17,257
2019-07-16,496
2019-07-15,637
2019-07-13,307
2019-07-12,339
2019-07-11,324
2019-07-10,347
2019-07-09,423
2019-07-08,490
2019-07-06,301
2019-07-05,312
2019-07-04,372
2019-07-03,506
2019-07-02,563
2019-07-01,619
2019-06-29,430
2019-06-28,221
2019-06-27,350
2019-06-26,315
2019-06-25,388
2019-06-24,529
2019-06-22,351
2019-06-21,332
2019-06-20,409
2019-06-19,509
2019-06-18,344
2019-06-17,391
2019-06-15,274
2019-06-14,318
2019-06-13,397
2019-06-12,438
2019-06-11,361
2019-06-10,520
2019-06-08,152
2019-06-07,310
2019-06-06,423
2019-06-05,401
2019-06-04,479
2019-06-03,425
2019-06-01,235
2019-05-31,402
2019-05-30,402
2019-05-29,405
2019-05-28,379
2019-05-27,343
2019-05-25,243
2019-05-24,328
2019-05-23,332
2019-05-22,395
2019-05-21,397
2019-05-20,318
2019-05-18,187
2019-05-17,316
2019-05-16,302
2019-05-15,257
2019-05-14,355
2019-05-13,419
2019-05-11,190
2019-05-10,303
2019-05-09,357
2019-05-08,484
2019-05-07,310
2019-05-06,319
2019-05-04,215
2019-05-03,311
2019-05-02,299
2019-05-01,432
2019-04-30,361
2019-04-29,322
2019-04-27,149
2019-04-26,329
2019-04-25,331
2019-04-24,356
2019-04-23,295
2019-04-22,483
2019-04-20,182
2019-04-19,455
2019-04-18,478
2019-04-17,447
2019-04-16,412
2019-04-15,319
2019-04-13,144
2019-04-12,378
2019-04-11,295
2019-04-10,328
2019-04-09,377
2019-04-08,475
2019-04-06,116
2019-04-05,312
2019-04-04,328
2019-04-03,407
2019-04-02,354
2019-04-01,396
2019-03-30,170
2019-03-29,332
2019-03-28,339
2019-03-27,287
2019-03-26,391
2019-03-25,337
2019-03-23,185
2019-03-22,251
2019-03-21,278
2019-03-20,311
2019-03-19,417
2019-03-18,483
2019-03-16,156
2019-03-15,310
2019-03-14,435
2019-03-13,365
2019-03-12,280
2019-03-11,393
2019-03-09,317
2019-03-08,387
2019-03-07,330
2019-03-06,315
2019-03-05,304
2019-03-04,628
2019-03-02,289
2019-03-01,337
2019-02-28,359
2019-02-27,297
2019-02-26,399
2019-02-25,382
2019-02-23,253
2019-02-22,342
2019-02-21,287
2019-02-20,235
2019-02-19,305
2019-02-18,332
2019-02-16,287
2019-02-15,391
2019-02-14,339
2019-02-13,306
2019-02-12,347
2019-02-11,440
2019-02-09,185
2019-02-08,445
2019-02-04,41
2019-02-02,194
2019-02-01,337
2019-01-31,394
2019-01-30,556
2019-01-29,477
2019-01-28,498
2019-01-26,199
2019-01-25,307
2019-01-24,333
2019-01-23,349
2019-01-22,291
2019-01-21,388
2019-01-19,165
2019-01-18,395
2019-01-17,407
2019-01-16,362
2019-01-15,250
2019-01-14,342
2019-01-12,182
2019-01-11,363
2019-01-10,381
2019-01-09,336
2019-01-08,324
2019-01-07,384
2019-01-05,229
2019-01-04,449
2019-01-03,779
2018-12-31,118
2018-12-29,65
2018-12-28,230
2018-12-27,367
2018-12-26,361
2018-12-25,332
2018-12-24,421
2018-12-22,170
2018-12-21,427
2018-12-20,360
2018-12-19,506
2018-12-18,488
2018-12-17,348
2018-12-15,244
2018-12-14,501
2018-12-13,669
2018-12-12,433
2018-12-11,258
2018-12-10,253
2018-12-08,330
2018-12-07,552
2018-12-06,674
2018-12-05,595
2018-12-04,668
2018-12-03,1040
2018-12-01,1115
2018-11-30,955
2018-11-29,991
2018-11-28,1111
2018-11-27,1108
2018-11-26,1090
2018-11-24,1390
2018-11-23,1734
2018-11-22,1495
2018-11-21,1439
2018-11-20,1168
2018-11-19,1697
2018-11-17,1598
2018-11-16,1897
2018-11-15,1131
2018-11-14,1286
2018-11-13,1164
2018-11-12,1570
2018-11-10,1076
2018-11-09,628
2018-11-08,558
2018-11-07,876
2018-11-06,760
2018-11-05,890
2018-11-03,615
2018-11-02,717
2018-11-01,678
2018-10-31,802
2018-10-30,662
2018-10-29,604
2018-10-27,266
2018-10-26,557
2018-10-25,467
2018-10-24,680
2018-10-23,672
2018-10-22,738
2018-10-20,497
2018-10-19,546
2018-10-18,658
2018-10-17,473
2018-10-16,585
2018-10-15,705
2018-10-13,467
2018-10-12,645
2018-10-11,665
2018-10-10,779
2018-10-09,974
2018-10-08,908
2018-10-06,180
2018-10-05,505
2018-10-04,710
2018-10-03,699
2018-10-02,715
2018-10-01,677
2018-09-29,513
2018-09-28,922
2018-09-27,1067
2018-09-22,278
2018-09-21,650
2018-09-20,1112
2018-09-19,1169
2018-09-18,1283
2018-09-17,1370
2018-09-15,844
2018-09-14,1123
2018-09-13,885
2018-09-12,854
2018-09-11,804
2018-09-10,775
2018-09-08,658
2018-09-07,848
2018-09-06,795
2018-09-05,584
2018-09-04,518
2018-09-03,872
2018-09-01,384
2018-08-31,438
2018-08-30,422
2018-08-29,590
2018-08-28,418
2018-08-27,572
2018-08-25,265
2018-08-24,175
2018-08-23,328
2018-08-22,413
2018-08-21,372
2018-08-20,519
2018-08-18,330
2018-08-17,306
2018-08-16,329
2018-08-15,310
2018-08-14,386
2018-08-13,549
2018-08-11,251
2018-08-10,429
2018-08-09,409
2018-08-08,379
2018-08-07,424
2018-08-06,600
2018-08-03,425
2018-08-02,545
2018-08-01,433
2018-07-31,396
2018-07-30,469
2018-07-28,274
2018-07-27,333
2018-07-26,403
2018-07-25,291
2018-07-24,456
2018-07-23,616
2018-07-21,330
2018-07-20,463
2018-07-19,450
2018-07-18,460
2018-07-17,582
2018-07-16,618
2018-07-14,322
2018-07-13,493
2018-07-12,347
2018-07-11,199
2018-07-10,462
2018-07-09,717
2018-07-07,390
2018-07-06,365
2018-07-05,579
2018-07-04,502
2018-07-03,460
2018-07-02,305
2018-06-30,500
2018-06-29,710
2018-06-28,596
2018-06-27,583
2018-06-26,704
2018-06-25,507
2018-06-23,341
2018-06-22,449
2018-06-21,516
2018-06-20,791
2018-06-19,538
2018-06-18,726
2018-06-16,374
2018-06-15,503
2018-06-14,443
2018-06-13,464
2018-06-12,654
2018-06-11,539
2018-06-09,366
2018-06-08,548
2018-06-07,495
2018-06-06,545
2018-06-05,444
2018-06-04,716
2018-06-02,379
2018-06-01,464
2018-05-31,415
2018-05-30,460
2018-05-29,456
2018-05-28,541
2018-05-26,379
2018-05-25,407
2018-05-24,360
2018-05-23,481
2018-05-22,529
2018-05-21,554
2018-05-19,189
2018-05-18,436
2018-05-17,542
2018-05-16,546
2018-05-15,633
2018-05-14,471
2018-05-12,202
2018-05-11,410
2018-05-10,413
2018-05-09,513
2018-05-08,489
2018-05-07,491
2018-05-05,256
2018-05-04,330
2018-05-03,432
2018-05-02,488
2018-05-01,452
2018-04-30,575
2018-04-28,236
2018-04-27,428
2018-04-26,376
2018-04-25,425
2018-04-24,405
2018-04-23,447
2018-04-21,219
2018-04-20,398
2018-04-19,365
2018-04-18,482
2018-04-17,494
2018-04-16,519
2018-04-14,207
2018-04-13,325
2018-04-12,385
2018-04-11,476
2018-04-10,492
2018-04-09,514
2018-04-07,215
2018-04-06,391
2018-04-05,362
2018-04-04,452
2018-04-03,526
2018-04-02,547
2018-03-31,246
2018-03-30,324
2018-03-29,384
2018-03-28,446
2018-03-27,444
2018-03-26,472
2018-03-24,280
2018-03-23,368
2018-03-22,308
2018-03-21,361
2018-03-20,465
2018-03-19,581
2018-03-17,218
2018-03-16,246
2018-03-15,304
2018-03-14,480
2018-03-13,589
2018-03-12,532
2018-03-10,300
2018-03-09,348
2018-03-08,546
2018-03-07,490
2018-03-06,323
2018-03-05,515
2018-03-03,316
2018-03-02,352
2018-03-01,207
2018-02-28,468
2018-02-27,357
2018-02-26,619
2018-02-24,276
2018-02-23,364
2018-02-22,344
2018-02-21,357
2018-02-20,314
2018-02-19,464
2018-02-15,81
2018-02-14,371
2018-02-13,610
2018-02-12,870
2018-02-10,555
2018-02-09,429
2018-02-08,468
2018-02-07,483
2018-02-06,424
2018-02-05,512
2018-02-03,298
2018-02-02,368
2018-02-01,288
2018-01-31,431
2018-01-30,349
2018-01-29,306
2018-01-27,114
2018-01-26,61
2018-01-25,134
2018-01-24,308
2018-01-23,430
2018-01-22,430
2018-01-20,295
2018-01-19,449
2018-01-18,478
2018-01-17,408
2018-01-16,368
2018-01-15,454
2018-01-13,51
2018-01-12,197
2018-01-11,250
2018-01-10,376
2018-01-09,299
2018-01-08,511
2018-01-06,332
2018-01-05,439
2018-01-04,572
2018-01-03,462
2017-12-30,248
2017-12-29,316
2017-12-28,446
2017-12-27,407
2017-12-26,358
2017-12-25,391
2017-12-23,400
2017-12-22,319
2017-12-21,365
2017-12-20,526
2017-12-19,385
2017-12-18,596
2017-12-16,304
2017-12-15,266
2017-12-14,305
2017-12-13,194
2017-12-12,429
2017-12-11,829
2017-12-09,442
2017-12-08,776
2017-12-07,428
2017-12-06,374
2017-12-05,583
2017-12-04,700
2017-12-02,717
2017-12-01,1038
2017-11-30,1044
2017-11-29,1190
2017-11-28,1022
2017-11-27,1629
2017-11-25,1525
2017-11-24,1437
2017-11-23,1499
2017-11-22,1311
2017-11-21,1063
2017-11-20,1667
2017-11-18,1535
2017-11-17,1581
2017-11-16,1460
2017-11-15,1412
2017-11-14,1199
2017-11-13,1538
2017-11-11,1186
2017-11-10,886
2017-11-09,1024
2017-11-08,840
2017-11-07,950
2017-11-06,1031
2017-11-04,621
2017-11-03,678
2017-11-02,638
2017-11-01,644
2017-10-31,544
2017-10-30,728
2017-10-28,525
2017-10-27,648
2017-10-26,647
2017-10-25,594
2017-10-24,778
2017-10-23,753
2017-10-21,509
2017-10-20,558
2017-10-19,653
2017-10-18,715
2017-10-17,720
2017-10-16,890
2017-10-14,573
2017-10-13,808
2017-10-12,530
2017-10-11,668
2017-10-10,889
2017-10-09,1264
2017-10-07,97
2017-10-03,180
2017-10-02,824
2017-09-30,1041
2017-09-29,884
2017-09-28,665
2017-09-27,927
2017-09-26,1048
2017-09-25,1207
2017-09-23,892
2017-09-22,908
2017-09-21,1009
2017-09-20,1007
2017-09-19,954
2017-09-18,746
2017-09-16,792
2017-09-15,827
2017-09-14,896
2017-09-13,863
2017-09-12,466
2017-09-11,813
2017-09-09,525
2017-09-08,827
2017-09-07,645
2017-09-06,804
2017-09-05,857
2017-09-04,798
2017-09-02,391
2017-09-01,526
2017-08-31,502
2017-08-30,394
2017-08-29,644
2017-08-28,636
2017-08-26,440
2017-08-25,323
2017-08-24,600
2017-08-23,633
2017-08-22,611
2017-08-21,541
2017-08-19,327
2017-08-18,455
2017-08-17,432
2017-08-16,347
2017-08-15,478
2017-08-14,450
2017-08-12,427
2017-08-11,325
2017-08-10,287
2017-08-09,430
2017-08-08,468
2017-08-07,597
2017-08-04,552
2017-08-03,564
2017-08-02,330
2017-08-01,438
2017-07-31,537
2017-07-29,330
2017-07-28,586
2017-07-27,562
2017-07-26,320
2017-07-25,477
2017-07-24,523
2017-07-22,256
2017-07-21,378
2017-07-20,443
2017-07-19,581
2017-07-18,538
2017-07-17,482
2017-07-15,346
2017-07-14,523
2017-07-13,608
2017-07-12,296
2017-07-11,276
2017-07-10,587
2017-07-08,333
2017-07-07,501
2017-07-06,619
2017-07-05,591
2017-07-04,514
2017-07-03,523
2017-07-01,493
2017-06-30,624
2017-06-29,585
2017-06-28,664
2017-06-27,601
2017-06-26,509
2017-06-24,502
2017-06-23,576
2017-06-22,616
2017-06-21,564
2017-06-20,505
2017-06-19,608
2017-06-17,427
2017-06-16,516
2017-06-15,584
2017-06-14,578
2017-06-13,553
2017-06-12,625
2017-06-10,521
2017-06-09,721
2017-06-08,358
2017-06-07,567
2017-06-06,476
2017-06-05,429
2017-06-03,457
2017-06-02,450
2017-06-01,584
2017-05-31,511
2017-05-30,529
2017-05-29,670
2017-05-27,338
2017-05-26,458
2017-05-25,467
2017-05-24,610
2017-05-23,497
2017-05-22,484
2017-05-20,317
2017-05-19,404
2017-05-18,468
2017-05-17,705
2017-05-16,642
2017-05-15,684
2017-05-13,304
2017-05-12,670
2017-05-11,518
2017-05-10,440
2017-05-09,534
2017-05-08,557
2017-05-06,290
2017-05-05,490
2017-05-04,448
2017-05-03,484
2017-05-02,479
2017-05-01,624
2017-04-29,321
2017-04-28,540
2017-04-27,593
2017-04-26,527
2017-04-25,486
2017-04-24,460
2017-04-22,223
2017-04-21,457
2017-04-20,545
2017-04-19,433
2017-04-18,478
2017-04-17,476
2017-04-15,309
2017-04-14,355
2017-04-13,448
2017-04-12,581
2017-04-11,528
2017-04-10,705
2017-04-08,314
2017-04-07,371
2017-04-06,417
2017-04-05,577
2017-04-04,608
2017-04-03,659
2017-04-01,214
2017-03-31,429
2017-03-30,326
2017-03-29,465
2017-03-28,564
2017-03-27,570
2017-03-25,187
2017-03-24,401
2017-03-23,428
2017-03-22,506
2017-03-21,533
2017-03-20,483
2017-03-18,246
2017-03-17,345
2017-03-16,420
2017-03-15,495
2017-03-14,488
2017-03-13,533
2017-03-11,241
2017-03-10,438
2017-03-09,490
2017-03-08,408
2017-03-07,365
2017-03-06,548
2017-03-04,215
2017-03-03,416
2017-03-02,470
2017-03-01,365
2017-02-28,461
2017-02-27,558
2017-02-25,334
2017-02-24,486
2017-02-23,317
2017-02-22,336
2017-02-21,377
2017-02-20,620
2017-02-18,214
2017-02-17,418
2017-02-16,310
2017-02-15,396
2017-02-14,418
2017-02-13,426
2017-02-11,111
2017-02-10,319
2017-02-09,407
2017-02-08,322
2017-02-07,463
2017-02-06,473
2017-02-04,205
2017-02-03,300
2017-02-02,432
2017-02-01,394
2017-01-27,93
2017-01-26,355
2017-01-25,478
2017-01-24,539
2017-01-23,716
2017-01-21,289
2017-01-20,560
2017-01-19,621
2017-01-18,400
2017-01-17,368
2017-01-16,316
2017-01-14,308
2017-01-13,420
2017-01-12,339
2017-01-11,416
2017-01-10,482
2017-01-09,524
2017-01-07,372
2017-01-06,604
2017-01-05,473
2017-01-04,486
2017-01-03,682
2016-12-31,74
2016-12-30,320
2016-12-29,288
2016-12-28,483
2016-12-27,500
2016-12-26,418
2016-12-24,297
2016-12-23,522
2016-12-22,514
2016-12-21,635
2016-12-20,428
2016-12-19,525
2016-12-17,321
2016-12-16,485
2016-12-15,569
2016-12-14,486
2016-12-13,728
2016-12-12,737
2016-12-10,787
2016-12-09,995
2016-12-08,605
2016-12-07,894
2016-12-06,849
2016-12-05,1264
2016-12-03,1099
2016-12-02,1073
2016-12-01,1153
2016-11-30,1147
2016-11-29,1242
2016-11-28,1134
2016-11-26,1455
2016-11-25,1257
2016-11-24,1427
2016-11-23,1228
2016-11-22,1570
2016-11-21,1638
2016-11-19,1471
2016-11-18,1406
2016-11-17,1005
2016-11-16,1241
2016-11-15,1388
2016-11-14,1837
2016-11-12,1228
2016-11-11,909
2016-11-10,910
2016-11-09,1048
2016-11-08,1053
2016-11-07,1086
2016-11-05,857
2016-11-04,1005
2016-11-03,520
2016-11-02,772
2016-11-01,751
2016-10-31,807
2016-10-29,606
2016-10-28,808
2016-10-27,944
2016-10-26,350
2016-10-25,757
2016-10-24,771
2016-10-22,633
2016-10-21,839
2016-10-20,846
2016-10-19,772
2016-10-18,798
2016-10-17,1043
2016-10-15,575
2016-10-14,631
2016-10-13,630
2016-10-12,670
2016-10-11,887
2016-10-10,831
2016-10-08,834
2016-10-07,946
2016-10-06,493
2016-10-05,998
2016-10-04,498
2016-10-03,757
2016-10-01,704
2016-09-30,684
2016-09-29,721
2016-09-28,510
2016-09-27,596
2016-09-26,792
2016-09-24,443
2016-09-23,562
2016-09-22,563
2016-09-21,594
2016-09-20,612
2016-09-19,670
2016-09-14,256
2016-09-13,626
2016-09-12,1141
2016-09-10,941
2016-09-09,850
2016-09-08,962
2016-09-07,1028
2016-09-06,968
2016-09-05,1029
2016-09-03,702
2016-09-02,768
2016-09-01,630
2016-08-31,746
2016-08-30,529
2016-08-29,707
2016-08-27,289
2016-08-26,552
2016-08-25,579
2016-08-24,652
2016-08-23,604
2016-08-22,470
2016-08-20,308
2016-08-19,417
2016-08-18,488
2016-08-17,506
2016-08-16,379
2016-08-15,476
2016-08-13,441
2016-08-12,457
2016-08-11,463
2016-08-10,487
2016-08-09,506
2016-08-08,730
2016-08-05,422
2016-08-04,508
2016-08-03,522
2016-08-02,453
2016-08-01,595
2016-07-30,409
2016-07-29,449
2016-07-28,453
2016-07-27,627
2016-07-26,700
2016-07-25,556
2016-07-23,399
2016-07-22,395
2016-07-21,499
2016-07-20,633
2016-07-19,776
2016-07-18,554
2016-07-16,547
2016-07-15,506
2016-07-14,485
2016-07-13,395
2016-07-12,609
2016-07-11,591
2016-07-09,500
2016-07-08,479
2016-07-07,404
2016-07-06,519
2016-07-05,288
2016-07-04,718
2016-07-02,414
2016-07-01,447
2016-06-30,487
2016-06-29,577
2016-06-28,710
2016-06-27,569
2016-06-25,444
2016-06-24,616
2016-06-23,487
2016-06-22,753
2016-06-21,584
2016-06-20,636
2016-06-18,643
2016-06-17,366
2016-06-16,544
2016-06-15,702
2016-06-14,658
2016-06-13,626
2016-06-11,306
2016-06-10,557
2016-06-09,592
2016-06-08,628
2016-06-07,593
2016-06-06,641
2016-06-04,306
2016-06-03,498
2016-06-02,494
2016-06-01,534
2016-05-31,682
2016-05-30,576
2016-05-28,448
2016-05-27,673
2016-05-26,493
2016-05-25,563
2016-05-24,513
2016-05-23,630
2016-05-21,480
2016-05-20,544
2016-05-19,559
2016-05-18,617
2016-05-17,460
2016-05-16,505
2016-05-14,325
2016-05-13,431
2016-05-12,638
2016-05-11,573
2016-05-10,626
2016-05-09,691
2016-05-07,165
2016-05-06,386
2016-05-05,486
2016-05-04,390
2016-05-03,683
2016-05-02,567
2016-04-30,309
2016-04-29,459
2016-04-28,523
2016-04-27,596
2016-04-26,557
2016-04-25,463
2016-04-23,303
2016-04-22,331
2016-04-21,410
2016-04-20,330
2016-04-19,424
2016-04-18,512
2016-04-16,286
2016-04-15,407
2016-04-14,311
2016-04-13,417
2016-04-12,421
2016-04-11,542
2016-04-09,193
2016-04-08,326
2016-04-07,405
2016-04-06,473
2016-04-05,471
2016-04-04,468
2016-04-02,282
2016-04-01,402
2016-03-31,464
2016-03-30,432
2016-03-29,426
2016-03-28,339
2016-03-26,264
2016-03-25,376
2016-03-24,456
2016-03-23,502
2016-03-22,433
2016-03-21,456
2016-03-19,238
2016-03-18,444
2016-03-17,434
2016-03-16,410
2016-03-15,538
2016-03-14,565
2016-03-12,323
2016-03-11,359
2016-03-10,252
2016-03-09,453
2016-03-08,524
2016-03-07,519
2016-03-05,222
2016-03-04,399
2016-03-03,371
2016-03-02,371
2016-03-01,366
2016-02-29,423
2016-02-27,276
2016-02-26,500
2016-02-25,480
2016-02-24,447
2016-02-23,438
2016-02-22,485
2016-02-20,237
2016-02-19,463
2016-02-18,338
2016-02-17,501
2016-02-16,332
2016-02-15,581
2016-02-13,165
2016-02-12,310
2016-02-11,308
2016-02-06,186
2016-02-05,443
2016-02-04,472
2016-02-03,448
2016-02-02,501
2016-02-01,775
2016-01-30,326
2016-01-29,462
2016-01-28,400
2016-01-27,327
2016-01-26,340
2016-01-25,310
2016-01-23,280
2016-01-22,290
2016-01-21,176
2016-01-20,275
2016-01-19,209
2016-01-18,406
2016-01-16,266
2016-01-15,382
2016-01-14,307
2016-01-13,283
2016-01-12,299
2016-01-11,444
2016-01-09,325
2016-01-08,378
2016-01-07,373
2016-01-06,364
2016-01-05,426
2016-01-04,635
2015-12-31,284
2015-12-30,406
2015-12-29,555
2015-12-28,350
2015-12-26,200
2015-12-25,230
2015-12-24,318
2015-12-23,450
2015-12-22,580
2015-12-21,528
2015-12-19,276
2015-12-18,328
2015-12-17,483
2015-12-16,540
2015-12-15,404
2015-12-14,651
2015-12-12,598
2015-12-11,681
2015-12-10,503
2015-12-09,644
2015-12-08,729
2015-12-07,975
2015-12-05,847
2015-12-04,912
2015-12-03,1316
2015-12-02,1014
2015-12-01,1084
2015-11-30,1436
2015-11-28,1248
2015-11-27,1284
2015-11-26,1316
2015-11-25,1340
2015-11-24,1336
2015-11-23,1800
2015-11-21,1754
2015-11-20,1291
2015-11-19,1059
2015-11-18,1302
2015-11-17,1187
2015-11-16,1568
2015-11-14,807
2015-11-13,1068
2015-11-12,870
2015-11-11,964
2015-11-10,794
2015-11-09,522
2015-11-07,642
2015-11-06,736
2015-11-05,718
2015-11-04,652
2015-11-03,844
2015-11-02,753
2015-10-31,498
2015-10-30,757
2015-10-29,761
2015-10-28,461
2015-10-27,558
2015-10-26,744
2015-10-24,537
2015-10-23,577
2015-10-22,620
2015-10-21,699
2015-10-20,693
2015-10-19,640
2015-10-17,470
2015-10-16,631
2015-10-15,797
2015-10-14,651
2015-10-13,703
2015-10-12,697
2015-10-10,416
2015-10-09,540
2015-10-08,677
2015-10-07,663
2015-10-06,867
2015-10-05,946
2015-10-03,799
2015-10-02,449
2015-10-01,743
2015-09-30,605
2015-09-26,265
2015-09-25,912
2015-09-24,979
2015-09-23,1194
2015-09-22,1122
2015-09-21,1141
2015-09-19,1117
2015-09-18,1081
2015-09-17,1036
2015-09-16,1059
2015-09-15,1122
2015-09-14,1103
2015-09-12,912
2015-09-11,891
2015-09-10,856
2015-09-09,921
2015-09-08,886
2015-09-07,604
2015-09-05,694
2015-09-04,900
2015-09-03,932
2015-09-02,677
2015-09-01,827
2015-08-31,916
2015-08-29,652
2015-08-28,991
2015-08-27,816
2015-08-26,195
2015-08-25,670
2015-08-24,697
2015-08-22,430
2015-08-21,600
2015-08-20,552
2015-08-19,637
2015-08-18,668
2015-08-17,808
2015-08-15,243
2015-08-14,613
2015-08-13,398
2015-08-12,696
2015-08-11,605
2015-08-10,665
2015-08-08,421
2015-08-07,439
2015-08-06,447
2015-08-05,513
2015-08-04,552
2015-08-03,728
2015-07-31,507
2015-07-30,421
2015-07-29,714
2015-07-28,718
2015-07-27,1036
2015-07-25,161
2015-07-24,549
2015-07-23,600
2015-07-22,505
2015-07-21,692
2015-07-20,626
2015-07-18,400
2015-07-17,503
2015-07-16,771
2015-07-15,690
2015-07-14,487
2015-07-13,665
2015-07-11,387
2015-07-10,401
2015-07-09,455
2015-07-08,559
2015-07-07,545
2015-07-06,624
2015-07-04,410
2015-07-03,578
2015-07-02,425
2015-07-01,514
2015-06-30,635
2015-06-29,810
2015-06-27,291
2015-06-26,620
2015-06-25,629
2015-06-24,603
2015-06-23,489
2015-06-22,591
2015-06-20,443
2015-06-19,655
2015-06-18,715
2015-06-17,603
2015-06-16,793
2015-06-15,835
2015-06-13,589
2015-06-12,724
2015-06-11,441
2015-06-10,478
2015-06-09,537
2015-06-08,527
2015-06-06,457
2015-06-05,524
2015-06-04,561
2015-06-03,610
2015-06-02,606
2015-06-01,509
2015-05-30,363
2015-05-29,592
2015-05-28,483
2015-05-27,557
2015-05-26,573
2015-05-25,443
2015-05-23,218
2015-05-22,557
2015-05-21,502
2015-05-20,604
2015-05-19,523
2015-05-18,716
2015-05-16,348
2015-05-15,461
2015-05-14,383
2015-05-13,414
2015-05-12,374
2015-05-11,446
2015-05-09,361
2015-05-08,505
2015-05-07,481
2015-05-06,503
2015-05-05,521
2015-05-04,518
2015-05-02,163
2015-05-01,407
2015-04-30,472
2015-04-29,400
2015-04-28,535
2015-04-27,455
2015-04-25,298
2015-04-24,599
2015-04-23,424
2015-04-22,550
2015-04-21,566
2015-04-20,535
2015-04-18,274
2015-04-17,481
2015-04-16,415
2015-04-15,460
2015-04-14,483
2015-04-13,491
2015-04-11,284
2015-04-10,409
2015-04-09,435
2015-04-08,474
2015-04-07,486
2015-04-06,602
2015-04-04,301
2015-04-03,349
2015-04-02,392
2015-04-01,386
2015-03-31,576
2015-03-30,559
2015-03-28,270
2015-03-27,386
2015-03-26,423
2015-03-25,388
2015-03-24,546
2015-03-23,552
2015-03-21,205
2015-03-20,403
2015-03-19,409
2015-03-18,415
2015-03-17,560
2015-03-16,607
2015-03-14,253
2015-03-13,471
2015-03-12,492
2015-03-11,352
2015-03-10,367
2015-03-09,547
2015-03-07,340
2015-03-06,377
2015-03-05,445
2015-03-04,322
2015-03-03,314
2015-03-02,514
2015-02-28,266
2015-02-27,493
2015-02-26,434
2015-02-25,282
2015-02-24,427
2015-02-23,576
2015-02-18,54
2015-02-17,198
2015-02-16,657
2015-02-14,466
2015-02-13,636
2015-02-12,548
2015-02-11,509
2015-02-10,192
2015-02-09,501
2015-02-07,466
2015-02-06,368
2015-02-05,494
2015-02-04,538
2015-02-03,401
2015-02-02,584
2015-01-31,296
2015-01-30,248
2015-01-29,323
2015-01-28,388
2015-01-27,222
2015-01-26,502
2015-01-24,272
2015-01-23,415
2015-01-22,407
2015-01-21,381
2015-01-20,444
2015-01-19,458
2015-01-17,302
2015-01-16,293
2015-01-15,327
2015-01-14,395
2015-01-13,382
2015-01-12,452
2015-01-10,215
2015-01-09,332
2015-01-08,363
2015-01-07,512
2015-01-06,574
2015-01-05,584
2015-01-03,299
2014-12-31,482
2014-12-30,484
2014-12-29,444
2014-12-27,247
2014-12-26,451
2014-12-25,409
2014-12-24,667
2014-12-23,336
2014-12-22,694
2014-12-20,279
2014-12-19,158
2014-12-18,187
2014-12-17,384
2014-12-16,721
2014-12-15,491
2014-12-13,534
2014-12-12,867
2014-12-11,1000
2014-12-10,843
2014-12-09,653
2014-12-08,963
2014-12-06,381
2014-12-05,819
2014-12-04,554
2014-12-03,611
2014-12-02,627
2014-12-01,1570
2014-11-29,893
2014-11-28,1347
2014-11-27,1413
2014-11-26,905
2014-11-25,1095
2014-11-24,1530
2014-11-22,1688
2014-11-21,1774
2014-11-20,1362
2014-11-19,1366
2014-11-18,1157
2014-11-17,1744
2014-11-15,1519
2014-11-14,1457
2014-11-13,1007
2014-11-12,897
2014-11-11,1077
2014-11-10,1136
2014-11-08,924
2014-11-07,891
2014-11-06,736
2014-11-05,819
2014-11-04,915
2014-11-03,693
2014-11-01,447
2014-10-31,726
2014-10-30,668
2014-10-29,578
2014-10-28,758
2014-10-27,841
2014-10-25,857
2014-10-24,911
2014-10-23,818
2014-10-22,370
2014-10-21,512
2014-10-20,772
2014-10-18,701
2014-10-17,686
2014-10-16,628
2014-10-15,704
2014-10-14,522
2014-10-13,953
2014-10-11,489
2014-10-10,739
2014-10-09,836
2014-10-08,825
2014-10-07,881
2014-10-06,917
2014-10-04,467
2014-10-03,782
2014-10-02,1037
2014-10-01,916
2014-09-30,591
2014-09-29,905
2014-09-27,715
2014-09-26,852
2014-09-25,466
2014-09-24,818
2014-09-23,1003
2014-09-22,1000
2014-09-20,652
2014-09-19,696
2014-09-18,680
2014-09-17,772
2014-09-16,775
2014-09-15,886
2014-09-13,946
2014-09-12,989
2014-09-11,847
2014-09-06,597
2014-09-05,1342
2014-09-04,774
2014-09-03,1196
2014-09-02,1085
2014-09-01,1444
2014-08-30,1118
2014-08-29,1343
2014-08-28,979
2014-08-27,930
2014-08-26,864
2014-08-25,1079
2014-08-23,952
2014-08-22,601
2014-08-21,925
2014-08-20,654
2014-08-19,566
2014-08-18,804
2014-08-16,550
2014-08-15,626
2014-08-14,850
2014-08-13,916
2014-08-12,829
2014-08-11,669
2014-08-09,696
2014-08-08,464
2014-08-07,847
2014-08-06,825
2014-08-05,796
2014-08-04,407
2014-08-01,535
2014-07-31,697
2014-07-30,662
2014-07-29,835
2014-07-28,903
2014-07-26,417
2014-07-25,497
2014-07-24,440
2014-07-23,634
2014-07-22,554
2014-07-21,795
2014-07-19,341
2014-07-18,445
2014-07-17,318
2014-07-16,494
2014-07-15,593
2014-07-14,585
2014-07-12,451
2014-07-11,468
2014-07-10,510
2014-07-09,545
2014-07-08,758
2014-07-07,606
2014-07-05,647
2014-07-04,427
2014-07-03,601
2014-07-02,597
2014-07-01,691
2014-06-30,688
2014-06-28,540
2014-06-27,593
2014-06-26,530
2014-06-25,601
2014-06-24,496
2014-06-23,718
2014-06-21,542
2014-06-20,563
2014-06-19,548
2014-06-18,633
2014-06-17,593
2014-06-16,553
2014-06-14,369
2014-06-13,497
2014-06-12,603
2014-06-11,580
2014-06-10,571
2014-06-09,597
2014-06-07,367
2014-06-06,463
2014-06-05,561
2014-06-04,423
2014-06-03,558
2014-06-02,501
2014-05-31,247
2014-05-30,456
2014-05-29,419
2014-05-28,567
2014-05-27,512
2014-05-26,548
2014-05-24,263
2014-05-23,413
2014-05-22,502
2014-05-21,572
2014-05-20,585
2014-05-19,523
2014-05-17,282
2014-05-16,419
2014-05-15,499
2014-05-14,524
2014-05-13,487
2014-05-12,597
2014-05-10,242
2014-05-09,518
2014-05-08,476
2014-05-07,592
2014-05-06,361
2014-05-05,414
2014-05-03,276
2014-05-02,405
2014-05-01,387
2014-04-30,465
2014-04-29,415
2014-04-28,538
2014-04-26,239
2014-04-25,306
2014-04-24,431
2014-04-23,504
2014-04-22,391
2014-04-21,537
2014-04-19,230
2014-04-18,367
2014-04-17,431
2014-04-16,372
2014-04-15,497
2014-04-14,469
2014-04-12,287
2014-04-11,432
2014-04-10,452
2014-04-09,440
2014-04-08,554
2014-04-07,497
2014-04-05,281
2014-04-04,423
2014-04-03,318
2014-04-02,522
2014-04-01,460
2014-03-31,465
2014-03-29,376
2014-03-28,395
2014-03-27,335
2014-03-26,393
2014-03-25,528
2014-03-24,458
2014-03-22,257
2014-03-21,457
2014-03-20,441
2014-03-19,364
2014-03-18,519
2014-03-17,708
2014-03-15,308
2014-03-14,270
2014-03-13,414
2014-03-12,520
2014-03-11,338
2014-03-10,526
2014-03-08,330
2014-03-07,382
2014-03-06,381
2014-03-05,509
2014-03-04,481
2014-03-03,512
2014-03-01,366
2014-02-28,380
2014-02-27,209
2014-02-26,470
2014-02-25,328
2014-02-24,622
2014-02-22,363
2014-02-21,465
2014-02-20,357
2014-02-19,266
2014-02-18,321
2014-02-17,448
2014-02-15,249
2014-02-14,355
2014-02-13,406
2014-02-12,363
2014-02-11,462
2014-02-10,592
2014-02-08,430
2014-02-07,276
2014-02-06,226
2014-02-05,279
2014-02-04,355
2014-02-03,277
2014-01-30,14
2014-01-29,233
2014-01-28,371
2014-01-27,571
2014-01-25,364
2014-01-24,464
2014-01-23,460
2014-01-22,381
2014-01-21,465
2014-01-20,531
2014-01-18,385
2014-01-17,417
2014-01-16,319
2014-01-15,260
2014-01-14,354
2014-01-13,471
2014-01-11,283
2014-01-10,416
2014-01-09,284
2014-01-08,337
2014-01-07,446
2014-01-06,546
2014-01-04,387
2014-01-03,527
2013-12-31,296
2013-12-30,268
2013-12-28,211
2013-12-27,471
2013-12-26,259
2013-12-25,311
2013-12-24,452
2013-12-23,474
2013-12-21,249
2013-12-20,310
2013-12-19,475
2013-12-18,391
2013-12-17,478
2013-12-16,325
2013-12-14,392
2013-12-13,365
2013-12-12,424
2013-12-11,347
2013-12-10,594
2013-12-09,734
2013-12-07,812
2013-12-06,712
2013-12-05,905
2013-12-04,1069
2013-12-03,820
2013-12-02,1314
2013-11-30,860
2013-11-29,787
2013-11-28,757
2013-11-27,1110
2013-11-26,979
2013-11-25,1797
2013-11-23,1663
2013-11-22,1516
2013-11-21,1369
2013-11-20,1009
2013-11-19,1418
2013-11-18,1667
2013-11-16,2020
2013-11-15,1436
2013-11-14,1298
2013-11-13,1090
2013-11-12,1172
2013-11-11,1632
2013-11-09,1144
2013-11-08,869
2013-11-07,799
2013-11-06,1041
2013-11-05,995
2013-11-04,763
2013-11-02,670
2013-11-01,800
2013-10-31,872
2013-10-30,775
2013-10-29,803
2013-10-28,852
2013-10-26,651
2013-10-25,798
2013-10-24,548
2013-10-23,724
2013-10-22,918
2013-10-21,799
2013-10-19,655
2013-10-18,687
2013-10-17,749
2013-10-16,870
2013-10-15,948
2013-10-14,1056
2013-10-12,862
2013-10-11,977
2013-10-10,706
2013-10-09,491
2013-10-08,811
2013-10-07,1032
2013-10-05,878
2013-10-04,952
2013-10-03,887
2013-10-02,1076
2013-10-01,890
2013-09-30,667
2013-09-28,1109
2013-09-27,1019
2013-09-26,493
2013-09-25,903
2013-09-24,1086
2013-09-23,1349
2013-09-18,216
2013-09-17,939
2013-09-16,1569
2013-09-14,1136
2013-09-13,1498
2013-09-12,1157
2013-09-11,1483
2013-09-10,1507
2013-09-09,1799
2013-09-07,1170
2013-09-06,1282
2013-09-05,1324
2013-09-04,1380
2013-09-03,1154
2013-09-02,1319
2013-08-31,615
2013-08-30,815
2013-08-29,805
2013-08-28,733
2013-08-27,692
2013-08-26,873
2013-08-24,451
2013-08-23,719
2013-08-22,623
2013-08-21,644
2013-08-20,646
2013-08-19,632
2013-08-17,376
2013-08-16,526
2013-08-15,567
2013-08-14,492
2013-08-13,587
2013-08-12,631
2013-08-10,445
2013-08-09,496
2013-08-08,482
2013-08-07,596
2013-08-06,712
2013-08-05,488
2013-08-03,292
2013-08-02,670
2013-08-01,543
2013-07-31,749
2013-07-30,709
2013-07-29,570
2013-07-27,518
2013-07-26,821
2013-07-25,531
2013-07-24,571
2013-07-23,453
2013-07-22,817
2013-07-20,514
2013-07-19,618
2013-07-18,557
2013-07-17,781
2013-07-16,321
2013-07-15,553
2013-07-13,315
2013-07-12,484
2013-07-11,440
2013-07-10,494
2013-07-09,449
2013-07-08,665
2013-07-06,199
2013-07-05,616
2013-07-04,613
2013-07-03,770
2013-07-02,781
2013-07-01,776
2013-06-29,452
2013-06-28,563
2013-06-27,594
2013-06-26,655
2013-06-25,650
2013-06-24,584
2013-06-22,666
2013-06-21,861
2013-06-20,700
2013-06-19,624
2013-06-18,969
2013-06-17,1249
2013-06-15,681
2013-06-14,813
2013-06-13,705
2013-06-12,550
2013-06-11,643
2013-06-10,851
2013-06-08,655
2013-06-07,746
2013-06-06,636
2013-06-05,767
2013-06-04,756
2013-06-03,662
2013-06-01,648
2013-05-31,780
2013-05-30,570
2013-05-29,368
2013-05-28,518
2013-05-27,676
2013-05-25,360
2013-05-24,588
2013-05-23,619
2013-05-22,842
2013-05-21,628
2013-05-20,651
2013-05-18,206
2013-05-17,515
2013-05-16,617
2013-05-15,684
2013-05-14,611
2013-05-13,624
2013-05-11,452
2013-05-10,484
2013-05-09,495
2013-05-08,527
2013-05-07,703
2013-05-06,751
2013-05-04,597
2013-05-03,648
2013-05-02,610
2013-05-01,680
2013-04-30,736
2013-04-29,886
2013-04-27,526
2013-04-26,613
2013-04-25,718
2013-04-24,756
2013-04-23,621
2013-04-22,703
2013-04-20,501
2013-04-19,801
2013-04-18,774
2013-04-17,775
2013-04-16,516
2013-04-15,624
2013-04-13,456
2013-04-12,699
2013-04-11,804
2013-04-10,710
2013-04-09,600
2013-04-08,719
2013-04-06,423
2013-04-05,578
2013-04-04,528
2013-04-03,633
2013-04-02,621
2013-04-01,574
2013-03-30,485
2013-03-29,632
2013-03-28,557
2013-03-27,632
2013-03-26,671
2013-03-25,752
2013-03-23,404
2013-03-22,433
2013-03-21,598
2013-03-20,590
2013-03-19,523
2013-03-18,811
2013-03-16,582
2013-03-15,514
2013-03-14,674
2013-03-13,569
2013-03-12,664
2013-03-11,716
2013-03-09,473
2013-03-08,580
2013-03-07,589
2013-03-06,716
2013-03-05,514
2013-03-04,659
2013-03-02,217
2013-03-01,514
2013-02-28,453
2013-02-27,275
2013-02-26,582
2013-02-25,672
2013-02-23,319
2013-02-22,432
2013-02-21,667
2013-02-20,511
2013-02-19,481
2013-02-18,564
2013-02-16,403
2013-02-15,646
2013-02-14,477
2013-02-13,262
2013-02-09,13
2013-02-08,197
2013-02-07,474
2013-02-06,734
2013-02-05,564
2013-02-04,690
2013-02-02,288
2013-02-01,606
2013-01-31,459
2013-01-30,383
2013-01-29,443
2013-01-28,599
2013-01-26,347
2013-01-25,379
2013-01-24,523
2013-01-23,342
2013-01-22,508
2013-01-21,463
2013-01-19,287
2013-01-18,596
2013-01-17,509
2013-01-16,580
2013-01-15,392
2013-01-14,586
2013-01-12,351
2013-01-11,347
2013-01-10,456
2013-01-09,544
2013-01-08,331
2013-01-07,422
2013-01-05,373
2013-01-04,449
2013-01-03,660
2012-12-31,359
2012-12-29,351
2012-12-28,311
2012-12-27,248
2012-12-26,460
2012-12-25,381
2012-12-24,342
2012-12-22,457
2012-12-21,562
2012-12-20,487
2012-12-19,652
2012-12-18,885
2012-12-17,1038
2012-12-15,510
2012-12-14,631
2012-12-13,652
2012-12-12,785
2012-12-11,349
2012-12-10,541
2012-12-08,454
2012-12-07,493
2012-12-06,701
2012-12-05,840
2012-12-04,881
2012-12-03,1396
2012-12-01,1599
2012-11-30,1445
2012-11-29,1633
2012-11-28,1534
2012-11-27,1189
2012-11-26,1520
2012-11-24,1831
2012-11-23,1682
2012-11-22,1206
2012-11-21,1451
2012-11-20,1454
2012-11-19,1775
2012-11-17,1199
2012-11-16,1364
2012-11-15,872
2012-11-14,1182
2012-11-13,1048
2012-11-12,1208
2012-11-10,1005
2012-11-09,738
2012-11-08,837
2012-11-07,719
2012-11-06,862
2012-11-05,859
2012-11-03,761
2012-11-02,709
2012-11-01,827
2012-10-31,740
2012-10-30,915
2012-10-29,720
2012-10-27,669
2012-10-26,883
2012-10-25,1041
2012-10-24,872
2012-10-23,836
2012-10-22,903
2012-10-20,890
2012-10-19,843
2012-10-18,825
2012-10-17,993
2012-10-16,949
2012-10-15,904
2012-10-13,624
2012-10-12,825
2012-10-11,954
2012-10-10,827
2012-10-09,800
2012-10-08,992
2012-10-06,935
2012-10-05,949
2012-10-04,601
2012-10-03,512
2012-09-29,189
2012-09-28,734
2012-09-27,894
2012-09-26,1244
2012-09-25,1323
2012-09-24,1408
2012-09-22,1271
2012-09-21,1242
2012-09-20,1317
2012-09-19,1177
2012-09-18,674
2012-09-17,1189
2012-09-15,912
2012-09-14,852
2012-09-13,1024
2012-09-12,1096
2012-09-11,1249
2012-09-10,922
2012-09-08,831
2012-09-07,913
2012-09-06,671
2012-09-05,720
2012-09-04,869
2012-09-03,965
2012-09-01,433
2012-08-31,639
2012-08-30,1061
2012-08-29,575
2012-08-28,880
2012-08-27,997
2012-08-25,850
2012-08-24,549
2012-08-23,599
2012-08-22,592
2012-08-21,754
2012-08-20,898
2012-08-18,665
2012-08-17,489
2012-08-16,754
2012-08-15,787
2012-08-14,539
2012-08-13,838
2012-08-11,499
2012-08-10,535
2012-08-09,551
2012-08-08,562
2012-08-07,650
2012-08-06,676
2012-08-04,452
2012-08-03,498
2012-08-02,533
2012-08-01,526
2012-07-31,491
2012-07-30,610
2012-07-28,406
2012-07-27,479
2012-07-26,691
2012-07-25,615
2012-07-24,652
2012-07-23,658
2012-07-21,447
2012-07-20,405
2012-07-19,515
2012-07-18,622
2012-07-17,937
2012-07-16,425
2012-07-14,355
2012-07-13,631
2012-07-12,545
2012-07-11,599
2012-07-10,703
2012-07-09,812
2012-07-07,254
2012-07-06,654
2012-07-05,568
2012-07-04,740
2012-07-03,727
2012-07-02,586
2012-06-30,514
2012-06-29,605
2012-06-28,433
2012-06-27,607
2012-06-26,548
2012-06-25,503
2012-06-23,423
2012-06-22,597
2012-06-21,515
2012-06-20,724
2012-06-19,643
2012-06-18,772
2012-06-16,514
2012-06-15,569
2012-06-14,601
2012-06-13,567
2012-06-12,664
2012-06-11,868
2012-06-09,508
2012-06-08,534
2012-06-07,529
2012-06-06,699
2012-06-05,599
2012-06-04,635
2012-06-02,471
2012-06-01,561
2012-05-31,720
2012-05-30,845
2012-05-29,749
2012-05-28,484
2012-05-26,633
2012-05-25,693
2012-05-24,553
2012-05-23,438
2012-05-22,606
2012-05-21,676
2012-05-19,535
2012-05-18,716
2012-05-17,820
2012-05-16,653
2012-05-15,613
2012-05-14,622
2012-05-12,287
2012-05-11,574
2012-05-10,552
2012-05-09,757
2012-05-08,518
2012-05-07,638
2012-05-05,409
2012-05-04,634
2012-05-03,678
2012-05-02,612
2012-05-01,646
2012-04-30,789
2012-04-28,287
2012-04-27,376
2012-04-26,436
2012-04-25,526
2012-04-24,444
2012-04-23,415
2012-04-21,286
2012-04-20,327
2012-04-19,404
2012-04-18,564
2012-04-17,444
2012-04-16,581
2012-04-14,278
2012-04-13,368
2012-04-12,484
2012-04-11,369
2012-04-10,447
2012-04-09,510
2012-04-07,253
2012-04-06,351
2012-04-05,395
2012-04-04,350
2012-04-03,392
2012-04-02,489
2012-03-31,248
2012-03-30,311
2012-03-29,377
2012-03-28,484
2012-03-27,329
2012-03-26,509
2012-03-24,244
2012-03-23,427
2012-03-22,493
2012-03-21,482
2012-03-20,600
2012-03-19,509
2012-03-17,89
2012-03-16,389
2012-03-15,409
2012-03-14,359
2012-03-13,400
2012-03-12,439
2012-03-10,292
2012-03-09,450
2012-03-08,480
2012-03-07,449
2012-03-06,315
2012-03-05,493
2012-03-03,257
2012-03-02,411
2012-03-01,427
2012-02-29,442
2012-02-28,271
2012-02-27,397
2012-02-25,418
2012-02-24,516
2012-02-23,375
2012-02-22,389
2012-02-21,275
2012-02-20,221
2012-02-18,328
2012-02-17,392
2012-02-16,484
2012-02-15,196
2012-02-14,367
2012-02-13,386
2012-02-11,389
2012-02-10,235
2012-02-09,304
2012-02-08,313
2012-02-07,344
2012-02-06,322
2012-02-04,61
2012-02-03,116
2012-02-02,197
2012-02-01,284
2012-01-31,402
2012-01-30,667
2012-01-28,172
2012-01-27,303
2012-01-26,123
2012-01-21,31
2012-01-20,317
2012-01-19,303
2012-01-18,470
2012-01-17,400
2012-01-16,559
2012-01-14,343
2012-01-13,364
2012-01-12,380
2012-01-11,367
2012-01-10,330
2012-01-09,448
2012-01-07,326
2012-01-06,352
2012-01-05,277
