날짜,품목,품종,등급,거래단위,최저가,최고가,평균가,전일대비 등락,전일 평균대비,전7일 평균대비,전년 동월동일 평균대비
2025.05.12,고구마,고구마,특,10kg상자,36000,44500,41385,-729,"42,114(98.3%)","40,478(102.2%)","53,324(77.6%)"
2025.05.12,고구마,고구마,상,10kg상자,22500,36000,27147,"-2,443","29,590(91.7%)","28,738(94.5%)","39,325(69%)"
2025.05.12,고구마,고구마,보통,10kg상자,14000,22500,19019,"-1,084","20,103(94.6%)","19,992(95.1%)","27,625(68.8%)"
2025.05.12,고구마,고구마,하,10kg상자,3500,14000,9077,-828,"9,905(91.6%)","10,166(89.3%)","14,507(62.6%)"
2025.05.12,고구마,호박밤 고구마,특,10kg상자,34000,44500,42462,-5,"42,467(100%)","38,943(109%)","47,350(89.7%)"
2025.05.12,고구마,호박밤 고구마,상,10kg상자,22000,34000,26121,"-5,430","31,551(82.8%)","28,876(90.5%)","34,878(74.9%)"
2025.05.12,고구마,호박밤 고구마,보통,10kg상자,15500,22000,19305,"-2,232","21,537(89.6%)","20,541(94%)","26,905(71.8%)"
2025.05.12,고구마,호박밤 고구마,하,10kg상자,3500,15500,9723,"-1,675","11,398(85.3%)","11,261(86.3%)","15,139(64.2%)"
2025.05.12,고구마,호박 고구마,특,10kg상자,37000,44500,41742,-432,"42,174(99%)","40,806(102.3%)","53,370(78.2%)"
2025.05.12,고구마,호박 고구마,상,10kg상자,23000,37000,27575,"-2,464","30,039(91.8%)","29,358(93.9%)","39,451(69.9%)"
2025.05.12,고구마,호박 고구마,보통,10kg상자,14000,23000,18972,"-1,550","20,522(92.4%)","20,239(93.7%)","27,798(68.2%)"
2025.05.12,고구마,호박 고구마,하,10kg상자,3500,14000,8913,"-1,370","10,283(86.7%)","10,350(86.1%)","15,081(59.1%)"
2025.05.12,고구마,고구마 호풍미,특,10kg상자,32000,32000,32000,"""""","32,000(100%)","31,417(101.9%)","30,000(106.7%)"
2025.05.12,고구마,고구마 호풍미,상,10kg상자,28000,32000,29763,"""""","29,763(100%)","29,296(101.6%)","28,255(105.3%)"
2025.05.12,고구마,고구마 호풍미,보통,10kg상자,15000,28000,23406,"""""","23,406(100%)","22,361(104.7%)","23,642(99%)"
2025.05.12,고구마,고구마 호풍미,하,10kg상자,5500,15000,12804,"""""","12,804(100%)","12,503(102.4%)","13,214(96.9%)"
2025.05.12,감자,감자,특,20kg상자,62000,63000,62546,"5,546","57,000(109.7%)","58,284(107.3%)","54,239(115.3%)"
2025.05.12,감자,감자,상,20kg상자,57500,62000,59702,"4,468","55,234(108.1%)","55,474(107.6%)","49,872(119.7%)"
2025.05.12,감자,감자,보통,20kg상자,50000,57500,54750,"1,983","52,767(103.8%)","51,561(106.2%)","45,790(119.6%)"
2025.05.12,감자,감자,하,20kg상자,5000,50000,34795,969,"33,826(102.9%)","31,604(110.1%)","24,939(139.5%)"
2025.05.12,감자,감자 수미,특,20kg상자,62000,63000,62749,"5,847","56,902(110.3%)","58,016(108.2%)","54,821(114.5%)"
2025.05.12,감자,감자 수미,상,20kg상자,57500,62000,59988,"4,452","55,536(108%)","55,579(107.9%)","50,018(119.9%)"
2025.05.12,감자,감자 수미,보통,20kg상자,48000,57500,54137,725,"53,412(101.4%)","51,642(104.8%)","45,967(117.8%)"
2025.05.12,감자,감자 수미,하,20kg상자,5000,48000,33651,-957,"34,608(97.2%)","31,272(107.6%)","25,251(133.3%)"
2025.05.12,감자,감자 두백,특,20kg상자,62000,63000,62522,"6,522","56,000(111.6%)","55,742(112.2%)","40,000(156.3%)"
2025.05.12,감자,감자 두백,상,20kg상자,46000,62000,55967,"2,028","53,939(103.8%)","52,240(107.1%)","29,419(190.2%)"
2025.05.12,감자,감자 두백,보통,20kg상자,31000,46000,36600,"-1,011","37,611(97.3%)","37,806(96.8%)","20,984(174.4%)"
2025.05.12,감자,감자 두백,하,20kg상자,4000,31000,21906,"1,084","20,822(105.2%)","18,047(121.4%)","11,783(185.9%)"
2025.05.12,감자,감자 수미(햇),특,20kg상자,62000,63000,62564,"5,564","57,000(109.8%)","58,083(107.7%)","54,276(115.3%)"
2025.05.12,감자,감자 수미(햇),상,20kg상자,57500,62000,59802,"4,568","55,234(108.3%)","55,399(107.9%)","49,894(119.9%)"
2025.05.12,감자,감자 수미(햇),보통,20kg상자,51500,57500,54906,"2,139","52,767(104.1%)","51,638(106.3%)","45,917(119.6%)"
2025.05.12,감자,감자 수미(햇),하,20kg상자,5000,51500,35765,"1,939","33,826(105.7%)","32,720(109.3%)","24,975(143.2%)"
2025.05.12,배추,배추,특,10Kg그물망,10500,18300,13439,"1,919","11,520(116.7%)","13,762(97.7%)","17,126(78.5%)"
2025.05.12,배추,배추,상,10Kg그물망,4800,10500,6455,630,"5,825(110.8%)","7,017(92%)","13,824(46.7%)"
2025.05.12,배추,배추,보통,10Kg그물망,3300,4800,4218,661,"3,557(118.6%)","3,720(113.4%)","12,424(34%)"
2025.05.12,배추,배추,하,10Kg그물망,1500,3300,2382,-121,"2,503(95.2%)","2,778(85.7%)","10,954(21.7%)"
2025.05.12,배추,쌈배추,특,1kg상자,7100,7300,7256,"1,881","5,375(135%)","6,564(110.5%)","4,677(155.1%)"
2025.05.12,배추,쌈배추,상,1kg상자,6300,7100,6664,"1,532","5,132(129.9%)","6,214(107.2%)","4,428(150.5%)"
2025.05.12,배추,쌈배추,보통,1kg상자,5500,6300,5967,"1,425","4,542(131.4%)","5,535(107.8%)","3,976(150.1%)"
2025.05.12,배추,쌈배추,하,1kg상자,4200,5500,4551,235,"4,316(105.4%)","5,010(90.8%)","3,473(131%)"
2025.05.12,배추,쌈배추,특,8kg상자,22800,22900,22846,"-1,005","23,851(95.8%)","23,649(96.6%)","22,194(102.9%)"
2025.05.12,배추,쌈배추,상,8kg상자,18500,22800,20460,"-1,656","22,116(92.5%)","21,175(96.6%)","18,670(109.6%)"
2025.05.12,배추,쌈배추,보통,8kg상자,13000,18500,15381,"-2,777","18,158(84.7%)","16,562(92.9%)","12,132(126.8%)"
2025.05.12,배추,쌈배추,하,8kg상자,11100,13000,11584,"-2,012","13,596(85.2%)","12,410(93.3%)","8,057(143.8%)"
2025.05.12,배추얼갈이,배추얼갈이,상,4kg상자,3100,5500,3841,551,"3,290(116.7%)","3,794(101.2%)","3,962(96.9%)"
2025.05.12,배추얼갈이,배추얼갈이,보통,4kg상자,2600,3100,2911,775,"2,136(136.3%)","2,840(102.5%)","3,242(89.8%)"
2025.05.12,배추얼갈이,배추얼갈이,하,4kg상자,1400,2600,2251,818,"1,433(157.1%)","2,042(110.2%)","2,324(96.9%)"
2025.05.12,배추얼갈이,배추얼갈이,상,8kg상자,5450,6400,5912,967,"4,945(119.6%)","6,800(86.9%)","6,374(92.8%)"
2025.05.12,배추얼갈이,배추얼갈이,보통,8kg상자,4500,5450,4834,913,"3,921(123.3%)","5,249(92.1%)","4,746(101.9%)"
2025.05.12,배추얼갈이,배추얼갈이,하,8kg상자,3000,4500,4157,"1,198","2,959(140.5%)","4,283(97.1%)","3,757(110.6%)"
2025.05.12,알배기배추,알배기배추,특,8kg상자,22700,23600,23296,"-1,630","24,926(93.5%)","25,068(92.9%)","21,296(109.4%)"
2025.05.12,알배기배추,알배기배추,상,8kg상자,16600,22700,18815,"-1,389","20,204(93.1%)","21,370(88%)","19,711(95.5%)"
2025.05.12,알배기배추,알배기배추,보통,8kg상자,11800,16600,14175,"-1,367","15,542(91.2%)","16,596(85.4%)","17,539(80.8%)"
2025.05.12,알배기배추,알배기배추,하,8kg상자,2000,11800,8041,586,"7,455(107.9%)","10,373(77.5%)","9,469(84.9%)"
2025.05.12,양배추,양배추,특,8Kg그물망,11100,12500,11798,"-3,905","15,703(75.1%)","16,046(73.5%)","20,016(58.9%)"
2025.05.12,양배추,양배추,상,8Kg그물망,8800,11100,9355,"-3,302","12,657(73.9%)","13,155(71.1%)","15,501(60.4%)"
2025.05.12,양배추,양배추,보통,8Kg그물망,7400,8800,8099,"-1,706","9,805(82.6%)","10,305(78.6%)","12,128(66.8%)"
2025.05.12,양배추,양배추,하,8Kg그물망,3600,7400,5893,179,"5,714(103.1%)","6,408(92%)","9,515(61.9%)"
2025.05.12,양배추,양배추 수입,상,15kg상자,4500,11000,9492,-641,"10,133(93.7%)","9,950(95.4%)","15,259(62.2%)"
2025.05.12,시금치,시금치,특,4kg상자,14500,16800,15083,"1,668","13,415(112.4%)","12,748(118.3%)","12,111(124.5%)"
2025.05.12,시금치,시금치,상,4kg상자,10800,14500,12366,426,"11,940(103.6%)","10,856(113.9%)","10,326(119.8%)"
2025.05.12,시금치,시금치,보통,4kg상자,8400,10800,9344,162,"9,182(101.8%)","8,850(105.6%)","8,857(105.5%)"
2025.05.12,시금치,시금치,하,4kg상자,2500,8400,7596,258,"7,338(103.5%)","6,994(108.6%)","6,570(115.6%)"
2025.05.12,시금치,시금치,특,500g단,1650,1650,1650,50,"1,600(103.1%)","1,583(104.2%)","1,400(117.9%)"
2025.05.12,시금치,시금치,상,500g단,1300,1650,1436,-144,"1,580(90.9%)","1,502(95.6%)","1,245(115.3%)"
2025.05.12,시금치,시금치,보통,500g단,1200,1300,1251,-289,"1,540(81.2%)","1,403(89.2%)","1,088(115%)"
2025.05.12,시금치,시금치,하,500g단,1100,1200,1149,-149,"1,298(88.5%)","1,215(94.6%)",908(126.5%)
2025.05.12,시금치,시금치 포항초,특,500g단,2700,2700,2700,"""""","2,700(100%)","2,700(100%)",0
2025.05.12,시금치,시금치 포항초,상,500g단,1750,2700,2301,"""""","2,301(100%)","2,301(100%)",0
2025.05.12,시금치,시금치 포항초,보통,500g단,1500,1750,1606,"""""","1,606(100%)","1,606(100%)",0
2025.05.12,시금치,시금치 포항초,하,500g단,1350,1500,1363,"""""","1,363(100%)","1,363(100%)",0
2025.05.12,상추,상추,상,4kg상자,15800,19900,17142,"-3,770","20,912(82%)","20,355(84.2%)","17,201(99.7%)"
2025.05.12,상추,상추,보통,4kg상자,13000,15800,14371,"-3,179","17,550(81.9%)","16,946(84.8%)","14,125(101.7%)"
2025.05.12,상추,상추,하,4kg상자,4200,13000,9883,"-1,268","11,151(88.6%)","10,546(93.7%)","5,703(173.3%)"
2025.05.12,상추,적상추,상,4kg상자,17500,19500,18391,"-4,850","23,241(79.1%)","20,101(91.5%)","16,563(111%)"
2025.05.12,상추,적상추,보통,4kg상자,15500,17500,16492,"-4,154","20,646(79.9%)","18,204(90.6%)","15,187(108.6%)"
2025.05.12,상추,적상추,하,4kg상자,8100,15500,13318,"-5,650","18,968(70.2%)","16,244(82%)","12,476(106.7%)"
2025.05.12,상추,청상추,상,4kg상자,14300,18000,15527,"-1,413","16,940(91.7%)","19,236(80.7%)","17,315(89.7%)"
2025.05.12,상추,청상추,보통,4kg상자,11300,14300,12908,"-1,391","14,299(90.3%)","15,970(80.8%)","15,069(85.7%)"
2025.05.12,상추,청상추,하,4kg상자,4400,11300,8943,"-1,702","10,645(84%)","12,084(74%)","10,873(82.2%)"
2025.05.12,상추,상추 적포기,상,4kg상자,10200,11800,11025,"1,010","10,015(110.1%)","10,035(109.9%)","5,176(213%)"
2025.05.12,상추,상추 적포기,보통,4kg상자,8900,10200,9461,164,"9,297(101.8%)","8,781(107.7%)","3,588(263.7%)"
2025.05.12,상추,상추 적포기,하,4kg상자,5500,8900,7874,189,"7,685(102.5%)","6,822(115.4%)","1,786(440.9%)"
2025.05.12,상추,상추 포기찹,상,4kg상자,16300,19600,17394,"-3,627","21,021(82.7%)","20,711(84%)","18,112(96%)"
2025.05.12,상추,상추 포기찹,보통,4kg상자,14100,16300,15118,"-3,435","18,553(81.5%)","18,072(83.7%)","14,948(101.1%)"
2025.05.12,상추,상추 포기찹,하,4kg상자,4700,14100,12437,"-3,093","15,530(80.1%)","14,790(84.1%)","11,681(106.5%)"
2025.05.12,상추,쫑상추,상,4kg상자,11300,13500,12260,"-4,919","17,179(71.4%)","11,736(104.5%)","11,093(110.5%)"
2025.05.12,상추,쫑상추,보통,4kg상자,7100,11300,8472,"-5,419","13,891(61%)","8,968(94.5%)","7,048(120.2%)"
2025.05.12,상추,쫑상추,하,4kg상자,4500,7100,6245,"-2,503","8,748(71.4%)","6,086(102.6%)","3,607(173.1%)"
2025.05.12,깻잎,깻잎,상,100속,25000,35000,27289,"-2,932","30,221(90.3%)","30,405(89.8%)","21,015(129.9%)"
2025.05.12,깻잎,깻잎,보통,100속,22000,25000,23552,"-3,777","27,329(86.2%)","22,660(103.9%)","17,217(136.8%)"
2025.05.12,깻잎,깻잎,하,100속,8500,22000,19147,"-2,980","22,127(86.5%)","18,074(105.9%)","13,040(146.8%)"
2025.05.12,깻잎,깻잎순,상,4kg상자,24000,29500,25677,"-7,449","33,126(77.5%)","28,605(89.8%)","20,572(124.8%)"
2025.05.12,깻잎,깻잎순,보통,4kg상자,16500,24000,20895,"-6,517","27,412(76.2%)","21,936(95.3%)","14,808(141.1%)"
2025.05.12,깻잎,깻잎순,하,4kg상자,4500,16500,13811,"-4,179","17,990(76.8%)","13,919(99.2%)","8,795(157%)"
2025.05.12,부추,부추(일반),상,500g단,1850,2650,2126,245,"1,881(113%)","2,151(98.8%)","1,340(158.7%)"
2025.05.12,부추,부추(일반),보통,500g단,1500,1850,1689,264,"1,425(118.5%)","1,653(102.2%)","1,157(146%)"
2025.05.12,부추,부추(일반),하,500g단,600,1500,1284,360,924(139%),"1,122(114.4%)",932(137.8%)
2025.05.12,부추,영양부추,상,200g단,800,950,882,143,739(119.4%),754(117%),971(90.8%)
2025.05.12,부추,영양부추,보통,200g단,700,800,770,71,699(110.2%),672(114.6%),852(90.4%)
2025.05.12,부추,영양부추,하,200g단,600,700,671,29,642(104.5%),596(112.6%),715(93.8%)
2025.05.12,갓,돌산갓,특,8kg상자,9400,9400,9400,"1,400","8,000(117.5%)","10,917(86.1%)","13,268(70.8%)"
2025.05.12,갓,돌산갓,상,8kg상자,6300,9400,6906,"2,086","4,820(143.3%)","8,448(81.7%)","11,030(62.6%)"
2025.05.12,갓,돌산갓,보통,8kg상자,4250,6300,5427,"1,410","4,017(135.1%)","6,447(84.2%)","8,821(61.5%)"
2025.05.12,갓,돌산갓,하,8kg상자,4050,4250,4179,494,"3,685(113.4%)","5,602(74.6%)","7,876(53.1%)"
2025.05.12,쑥갓,쑥갓,상,4kg상자,9800,14000,10780,201,"10,579(101.9%)","8,929(120.7%)","8,682(124.2%)"
2025.05.12,쑥갓,쑥갓,보통,4kg상자,8300,9800,8988,491,"8,497(105.8%)","6,930(129.7%)","6,765(132.9%)"
2025.05.12,쑥갓,쑥갓,하,4kg상자,5900,8300,7405,63,"7,342(100.9%)","5,543(133.6%)","5,062(146.3%)"
2025.05.12,미나리,미나리,상,4kg,9500,33500,13411,"2,844","10,567(126.9%)","11,861(113.1%)","16,383(81.9%)"
2025.05.12,미나리,미나리,보통,4kg,8000,9500,8565,"1,025","7,540(113.6%)","7,584(112.9%)","12,968(66%)"
2025.05.12,미나리,미나리,하,4kg,4500,8000,7165,"1,774","5,391(132.9%)","5,770(124.2%)","7,126(100.5%)"
2025.05.12,미나리,미나리(일반),상,8kg,32000,48000,34118,"3,024","31,094(109.7%)","33,846(100.8%)","48,146(70.9%)"
2025.05.12,미나리,미나리(일반),보통,8kg,30000,32000,30837,"4,725","26,112(118.1%)","28,336(108.8%)","42,386(72.8%)"
2025.05.12,미나리,미나리(일반),하,8kg,16000,30000,24118,"4,196","19,922(121.1%)","20,773(116.1%)","34,553(69.8%)"
2025.05.12,미나리,돌미나리,상,4kg상자,9500,31000,11445,"1,814","9,631(118.8%)","10,260(111.5%)","16,187(70.7%)"
2025.05.12,미나리,돌미나리,보통,4kg상자,8000,9500,8545,"1,029","7,516(113.7%)","7,526(113.5%)","12,917(66.2%)"
2025.05.12,미나리,돌미나리,하,4kg상자,5200,8000,7342,"1,839","5,503(133.4%)","5,809(126.4%)","7,003(104.8%)"
2025.05.12,수박,수박(일반),특,10kg상자,32000,35000,33434,692,"32,742(102.1%)","36,134(92.5%)","35,910(93.1%)"
2025.05.12,수박,수박(일반),상,10kg상자,25000,32000,27673,-638,"28,311(97.7%)","30,807(89.8%)","30,493(90.8%)"
2025.05.12,수박,수박(일반),보통,10kg상자,20000,25000,22462,-439,"22,901(98.1%)","24,204(92.8%)","22,554(99.6%)"
2025.05.12,수박,수박(일반),하,10kg상자,6000,20000,16648,-657,"17,305(96.2%)","18,129(91.8%)","13,964(119.2%)"
2025.05.12,수박,수박(일반),특,1kg,3357,3833,3553,173,"3,380(105.1%)","3,727(95.3%)","4,684(75.9%)"
2025.05.12,수박,수박(일반),상,1kg,2667,3357,2909,177,"2,732(106.5%)","3,001(96.9%)","3,142(92.6%)"
2025.05.12,수박,수박(일반),보통,1kg,2091,2667,2387,20,"2,367(100.8%)","2,556(93.4%)","2,414(98.9%)"
2025.05.12,수박,수박(일반),하,1kg,727,2091,1745,46,"1,699(102.7%)","1,819(95.9%)","1,579(110.5%)"
2025.05.12,수박,수박(일반),특,5kg개,18000,18000,18000,"2,372","15,628(115.2%)","16,942(106.2%)","20,000(90%)"
2025.05.12,수박,수박(일반),상,5kg개,13000,18000,14502,163,"14,339(101.1%)","14,754(98.3%)","19,876(73%)"
2025.05.12,수박,수박(일반),보통,5kg개,11000,13000,11583,-256,"11,839(97.8%)","12,050(96.1%)","12,868(90%)"
2025.05.12,수박,수박(일반),하,5kg개,8200,11000,10018,-135,"10,153(98.7%)","10,152(98.7%)","10,064(99.5%)"
2025.05.12,수박,수박(일반),특,6kg개,22000,22000,22000,"2,000","20,000(110%)","21,821(100.8%)","28,500(77.2%)"
2025.05.12,수박,수박(일반),상,6kg개,18000,22000,19340,"1,593","17,747(109%)","19,332(100%)","23,362(82.8%)"
2025.05.12,수박,수박(일반),보통,6kg개,16000,18000,16597,"1,532","15,065(110.2%)","16,151(102.8%)","13,665(121.5%)"
2025.05.12,수박,수박(일반),하,6kg개,10300,16000,13519,"1,548","11,971(112.9%)","12,319(109.7%)","9,236(146.4%)"
2025.05.12,수박,수박(일반),특,7kg개,23500,24000,23646,"2,646","21,000(112.6%)","23,324(101.4%)","32,500(72.8%)"
2025.05.12,수박,수박(일반),상,7kg개,20500,23500,21810,"2,455","19,355(112.7%)","21,210(102.8%)","26,685(81.7%)"
2025.05.12,수박,수박(일반),보통,7kg개,18000,20500,18548,"2,051","16,497(112.4%)","18,712(99.1%)","17,707(104.7%)"
2025.05.12,수박,수박(일반),하,7kg개,11000,18000,14329,"1,862","12,467(114.9%)","14,196(100.9%)","11,857(120.8%)"
2025.05.12,수박,수박(일반),특,8kg개,24500,24500,24500,"2,500","22,000(111.4%)","25,259(97%)","29,579(82.8%)"
2025.05.12,수박,수박(일반),상,8kg개,22000,24500,23391,"2,851","20,540(113.9%)","22,788(102.6%)","21,679(107.9%)"
2025.05.12,수박,수박(일반),보통,8kg개,19000,22000,20417,"2,355","18,062(113%)","20,047(101.8%)","12,997(157.1%)"
2025.05.12,수박,수박(일반),하,8kg개,10000,19000,14844,30,"14,814(100.2%)","15,501(95.8%)","10,675(139.1%)"
2025.05.12,수박,수박(일반),특,9kg개,24500,25000,24862,900,"23,962(103.8%)","27,941(89%)","28,000(88.8%)"
2025.05.12,수박,수박(일반),상,9kg개,23000,24500,23761,"1,643","22,118(107.4%)","25,242(94.1%)","25,533(93.1%)"
2025.05.12,수박,수박(일반),보통,9kg개,21000,23000,22091,"1,863","20,228(109.2%)","22,180(99.6%)","19,786(111.6%)"
2025.05.12,수박,수박(일반),하,9kg개,12000,21000,18764,"2,860","15,904(118%)","18,537(101.2%)","15,701(119.5%)"
2025.05.12,수박,복수박,특,5kg상자,23000,23000,23000,"23,000",0,0,0
2025.05.12,수박,복수박,상,5kg상자,23000,23000,23000,"23,000",0,0,0
2025.05.12,수박,복수박,보통,5kg상자,18000,23000,20109,"20,109",0,0,0
2025.05.12,수박,복수박,하,5kg상자,16000,18000,17435,"17,435",0,0,0
2025.05.12,수박,블랙망고수박,특,5kg상자,18000,18000,18000,"""""","18,000(100%)","18,667(96.4%)",0
2025.05.12,수박,블랙망고수박,상,5kg상자,14000,18000,15733,"""""","15,733(100%)","17,860(88.1%)",0
2025.05.12,수박,블랙망고수박,보통,5kg상자,14000,14000,14000,"""""","14,000(100%)","15,715(89.1%)",0
2025.05.12,수박,블랙망고수박,하,5kg상자,10000,14000,12409,"""""","12,409(100%)","13,090(94.8%)",0
2025.05.12,참외,참외(일반),특,10kg상자,32000,55000,35930,"-2,350","38,280(93.9%)","42,910(83.7%)","48,419(74.2%)"
2025.05.12,참외,참외(일반),상,10kg상자,24000,32000,26550,"-1,791","28,341(93.7%)","32,975(80.5%)","39,765(66.8%)"
2025.05.12,참외,참외(일반),보통,10kg상자,18000,24000,21108,"-2,145","23,253(90.8%)","26,962(78.3%)","33,087(63.8%)"
2025.05.12,참외,참외(일반),하,10kg상자,5000,18000,14916,"-1,236","16,152(92.3%)","19,612(76.1%)","24,140(61.8%)"
2025.05.12,오이,백다다기오이,특,100개,34500,52000,37019,"4,475","32,544(113.8%)","38,516(96.1%)","36,713(100.8%)"
2025.05.12,오이,백다다기오이,상,100개,32000,34500,33245,"4,750","28,495(116.7%)","33,997(97.8%)","31,925(104.1%)"
2025.05.12,오이,백다다기오이,보통,100개,29000,32000,30883,"4,728","26,155(118.1%)","30,846(100.1%)","28,933(106.7%)"
2025.05.12,오이,백다다기오이,하,100개,5000,29000,25563,"4,954","20,609(124%)","24,460(104.5%)","22,196(115.2%)"
2025.05.12,오이,백다다기오이,특,50개,17000,18500,17295,"2,232","15,063(114.8%)","18,389(94.1%)","18,763(92.2%)"
2025.05.12,오이,백다다기오이,상,50개,14500,17000,15401,"1,964","13,437(114.6%)","16,257(94.7%)","17,093(90.1%)"
2025.05.12,오이,백다다기오이,보통,50개,13000,14500,13571,"1,099","12,472(108.8%)","13,729(98.8%)","15,882(85.4%)"
2025.05.12,오이,백다다기오이,하,50개,2500,13000,12282,"1,235","11,047(111.2%)","11,928(103%)","12,541(97.9%)"
2025.05.12,오이,노각오이,특,15kg상자,26500,26500,26500,"1,100","25,400(104.3%)","27,567(96.1%)","30,000(88.3%)"
2025.05.12,오이,노각오이,상,15kg상자,25000,26500,26340,"2,953","23,387(112.6%)","26,666(98.8%)","28,383(92.8%)"
2025.05.12,오이,노각오이,보통,15kg상자,18500,25000,22954,"2,930","20,024(114.6%)","24,825(92.5%)","22,288(103%)"
2025.05.12,오이,노각오이,하,15kg상자,10000,18500,17727,"3,993","13,734(129.1%)","17,843(99.3%)","18,160(97.6%)"
2025.05.12,오이,취청오이,특,50개,37000,42000,39122,"1,266","37,856(103.3%)","40,213(97.3%)","26,619(147%)"
2025.05.12,오이,취청오이,상,50개,31000,37000,33598,161,"33,437(100.5%)","35,225(95.4%)","21,168(158.7%)"
2025.05.12,오이,취청오이,보통,50개,25000,31000,28045,58,"27,987(100.2%)","29,847(94%)","16,384(171.2%)"
2025.05.12,오이,취청오이,하,50개,4500,25000,20695,-345,"21,040(98.4%)","22,998(90%)","9,787(211.5%)"
2025.05.12,호박,쥬키니호박,특,10kg상자,15500,17000,16091,464,"15,627(103%)","14,699(109.5%)","13,613(118.2%)"
2025.05.12,호박,쥬키니호박,상,10kg상자,14500,15500,14888,768,"14,120(105.4%)","13,258(112.3%)","10,314(144.3%)"
2025.05.12,호박,쥬키니호박,보통,10kg상자,13000,14500,13741,677,"13,064(105.2%)","11,883(115.6%)","8,520(161.3%)"
2025.05.12,호박,쥬키니호박,하,10kg상자,3500,13000,11644,693,"10,951(106.3%)","9,767(119.2%)","5,936(196.2%)"
2025.05.12,호박,애호박,특,20개,15500,24000,16560,797,"15,763(105.1%)","16,783(98.7%)","18,864(87.8%)"
2025.05.12,호박,애호박,상,20개,14500,15500,14883,567,"14,316(104%)","14,559(102.2%)","14,961(99.5%)"
2025.05.12,호박,애호박,보통,20개,13000,14500,13692,452,"13,240(103.4%)","13,328(102.7%)","13,734(99.7%)"
2025.05.12,호박,애호박,하,20개,2000,13000,11147,247,"10,900(102.3%)","10,644(104.7%)","11,110(100.3%)"
2025.05.12,호박,늙은호박,상,10kg,22800,22800,22800,"""""","22,800(100%)","23,133(98.6%)",0
2025.05.12,호박,늙은호박,보통,10kg,17500,22800,19942,"""""","19,942(100%)","19,154(104.1%)",0
2025.05.12,호박,늙은호박,하,10kg,8000,17500,13459,"""""","13,459(100%)","12,608(106.7%)",0
2025.05.12,호박,늙은호박,상,1kg,2280,2280,2280,"""""","2,280(100%)","2,310(98.7%)",0
2025.05.12,호박,늙은호박,보통,1kg,1000,2280,1627,"""""","1,627(100%)","1,632(99.7%)",0
2025.05.12,호박,늙은호박,하,1kg,500,1000,833,"""""",833(100%),863(96.5%),0
2025.05.12,호박,단호박 수입,상,10Kg그물망,17500,22000,19076,-490,"19,566(97.5%)","20,733(92%)","13,095(145.7%)"
2025.05.12,호박,단호박 수입,보통,10Kg그물망,16000,17500,16714,-440,"17,154(97.4%)","18,730(89.2%)","11,651(143.5%)"
2025.05.12,호박,단호박 수입,하,10Kg그물망,10000,16000,14203,16,"14,187(100.1%)","16,356(86.8%)","10,060(141.2%)"
2025.05.12,토마토,토마토,특,10kg상자,25000,27000,25900,"2,150","23,750(109.1%)","25,919(99.9%)","35,178(73.6%)"
2025.05.12,토마토,토마토,상,10kg상자,21000,25000,22497,562,"21,935(102.6%)","22,343(100.7%)","33,804(66.6%)"
2025.05.12,토마토,토마토,보통,10kg상자,16000,21000,18187,876,"17,311(105.1%)","18,588(97.8%)","30,530(59.6%)"
2025.05.12,토마토,토마토,하,10kg상자,7000,16000,13671,"1,227","12,444(109.9%)","13,775(99.2%)","18,809(72.7%)"
2025.05.12,토마토,토마토,특,5kg상자,10000,11000,10223,-136,"10,359(98.7%)","10,502(97.3%)","16,638(61.4%)"
2025.05.12,토마토,토마토,상,5kg상자,9500,10000,9832,241,"9,591(102.5%)","9,730(101%)","14,692(66.9%)"
2025.05.12,토마토,토마토,보통,5kg상자,8000,9500,8914,335,"8,579(103.9%)","8,746(101.9%)","12,621(70.6%)"
2025.05.12,토마토,토마토,하,5kg상자,4000,8000,7631,654,"6,977(109.4%)","7,390(103.3%)","10,261(74.4%)"
2025.05.12,토마토,토마토 완숙,특,5kg상자,10000,13000,10490,490,"10,000(104.9%)","10,449(100.4%)","17,000(61.7%)"
2025.05.12,토마토,토마토 완숙,상,5kg상자,9000,10000,9792,227,"9,565(102.4%)","9,793(100%)","15,393(63.6%)"
2025.05.12,토마토,토마토 완숙,보통,5kg상자,8000,9000,8778,211,"8,567(102.5%)","8,743(100.4%)","12,896(68.1%)"
2025.05.12,토마토,토마토 완숙,하,5kg상자,4000,8000,7610,955,"6,655(114.4%)","7,098(107.2%)","10,458(72.8%)"
2025.05.12,토마토,토마토 대저,특,2.5kg상자,18000,32000,21360,-603,"21,963(97.3%)","20,596(103.7%)","25,534(83.7%)"
2025.05.12,토마토,토마토 대저,상,2.5kg상자,12000,18000,13788,"-1,905","15,693(87.9%)","14,262(96.7%)","18,788(73.4%)"
2025.05.12,토마토,토마토 대저,보통,2.5kg상자,8000,12000,9904,"-1,204","11,108(89.2%)","9,962(99.4%)","13,942(71%)"
2025.05.12,토마토,토마토 대저,하,2.5kg상자,2000,8000,6373,294,"6,079(104.8%)","5,585(114.1%)","6,782(94%)"
2025.05.12,방울토마토,방울토마토(일반),특,5kg상자,16000,36000,25098,"3,694","21,404(117.3%)","20,804(120.6%)","31,067(80.8%)"
2025.05.12,방울토마토,방울토마토(일반),상,5kg상자,11000,16000,13095,"-1,074","14,169(92.4%)","12,340(106.1%)","27,853(47%)"
2025.05.12,방울토마토,방울토마토(일반),보통,5kg상자,8000,11000,9550,"-1,261","10,811(88.3%)","9,406(101.5%)","25,112(38%)"
2025.05.12,방울토마토,방울토마토(일반),하,5kg상자,2000,8000,7579,-449,"8,028(94.4%)","7,448(101.8%)","20,636(36.7%)"
2025.05.12,방울토마토,대추방울토마토,특,3kg상자,13000,58000,16004,790,"15,214(105.2%)","16,017(99.9%)","20,316(78.8%)"
2025.05.12,방울토마토,대추방울토마토,상,3kg상자,11000,13000,11479,432,"11,047(103.9%)","10,595(108.3%)","17,318(66.3%)"
2025.05.12,방울토마토,대추방울토마토,보통,3kg상자,9000,11000,9830,442,"9,388(104.7%)","9,153(107.4%)","15,120(65%)"
2025.05.12,방울토마토,대추방울토마토,하,3kg상자,1000,9000,7813,692,"7,121(109.7%)","7,105(110%)","10,628(73.5%)"
2025.05.12,딸기,딸기,특,2kg상자,26000,70000,36098,"-5,908","42,006(85.9%)","41,639(86.7%)","34,936(103.3%)"
2025.05.12,딸기,딸기,상,2kg상자,12000,26000,16173,"-2,583","18,756(86.2%)","20,333(79.5%)","19,992(80.9%)"
2025.05.12,딸기,딸기,보통,2kg상자,8000,12000,9647,"-1,753","11,400(84.6%)","13,368(72.2%)","13,029(74%)"
2025.05.12,딸기,딸기,하,2kg상자,1000,8000,6157,-94,"6,251(98.5%)","8,277(74.4%)","7,967(77.3%)"
2025.05.12,딸기,딸기 설향,특,1kg상자,8500,11000,9651,"-1,152","10,803(89.3%)","12,292(78.5%)","11,463(84.2%)"
2025.05.12,딸기,딸기 설향,상,1kg상자,4500,8500,6164,"-1,025","7,189(85.7%)","8,050(76.6%)","7,326(84.1%)"
2025.05.12,딸기,딸기 설향,보통,1kg상자,2500,4500,3577,-199,"3,776(94.7%)","4,492(79.6%)","4,144(86.3%)"
2025.05.12,딸기,딸기 설향,하,1kg상자,1000,2500,1988,-144,"2,132(93.2%)","2,775(71.6%)","2,581(77%)"
2025.05.12,딸기,딸기 설향,특,2kg상자,18000,24000,20136,-917,"21,053(95.6%)","23,686(85%)","23,476(85.8%)"
2025.05.12,딸기,딸기 설향,상,2kg상자,11000,18000,13640,"-2,434","16,074(84.9%)","17,666(77.2%)","18,300(74.5%)"
2025.05.12,딸기,딸기 설향,보통,2kg상자,7500,11000,9123,"-1,476","10,599(86.1%)","12,718(71.7%)","12,272(74.3%)"
2025.05.12,딸기,딸기 설향,하,2kg상자,2000,7500,6051,8,"6,043(100.1%)","8,147(74.3%)","7,769(77.9%)"
2025.05.12,딸기,딸기 죽향,특,2kg상자,55000,70000,63711,"-1,869","65,580(97.2%)","66,677(95.6%)","59,897(106.4%)"
2025.05.12,딸기,딸기 죽향,상,2kg상자,33000,55000,39734,"-6,421","46,155(86.1%)","45,272(87.8%)","38,288(103.8%)"
2025.05.12,딸기,딸기 죽향,보통,2kg상자,24000,33000,28543,"-4,170","32,713(87.3%)","32,097(88.9%)","24,910(114.6%)"
2025.05.12,딸기,딸기 죽향,하,2kg상자,3000,24000,15658,"-1,704","17,362(90.2%)","17,691(88.5%)","14,601(107.2%)"
2025.05.12,딸기,딸기 킹스베리,특,1kg상자,15000,15000,15000,"""""","15,000(100%)","14,689(102.1%)",0
2025.05.12,딸기,딸기 킹스베리,상,1kg상자,4000,15000,6293,"""""","6,293(100%)","7,905(79.6%)",0
2025.05.12,딸기,딸기 킹스베리,보통,1kg상자,4000,4000,4000,"""""","4,000(100%)","5,706(70.1%)",0
2025.05.12,딸기,딸기 킹스베리,하,1kg상자,3000,4000,3622,"""""","3,622(100%)","4,485(80.8%)",0
2025.05.12,딸기,딸기 킹스베리,특,2kg상자,22500,22500,22500,"-3,300","25,800(87.2%)","26,200(85.9%)",0
2025.05.12,딸기,딸기 킹스베리,상,2kg상자,20000,22000,21091,"1,364","19,727(106.9%)","20,844(101.2%)",0
2025.05.12,딸기,딸기 킹스베리,보통,2kg상자,11500,20000,14431,-402,"14,833(97.3%)","14,334(100.7%)",0
2025.05.12,딸기,딸기 킹스베리,하,2kg상자,11000,11500,11352,-815,"12,167(93.3%)","11,318(100.3%)",0
2025.05.12,딸기,딸기 금실,특,1kg상자,7000,8000,7658,"-1,319","8,977(85.3%)","10,280(74.5%)","12,308(62.2%)"
2025.05.12,딸기,딸기 금실,상,1kg상자,5500,7000,6182,-742,"6,924(89.3%)","7,752(79.7%)","8,760(70.6%)"
2025.05.12,딸기,딸기 금실,보통,1kg상자,3500,5500,4577,-92,"4,669(98%)","5,446(84%)","5,893(77.7%)"
2025.05.12,딸기,딸기 금실,하,1kg상자,2000,3500,3194,154,"3,040(105.1%)","3,753(85.1%)","3,606(88.6%)"
2025.05.12,딸기,딸기 금실,특,2kg상자,27000,35000,31924,"-2,208","34,132(93.5%)","36,829(86.7%)","28,096(113.6%)"
2025.05.12,딸기,딸기 금실,상,2kg상자,21000,27000,22409,"-4,139","26,548(84.4%)","29,324(76.4%)","23,025(97.3%)"
2025.05.12,딸기,딸기 금실,보통,2kg상자,14000,21000,17310,"-2,578","19,888(87%)","21,870(79.1%)","16,251(106.5%)"
2025.05.12,딸기,딸기 금실,하,2kg상자,5000,14000,10502,429,"10,073(104.3%)","12,057(87.1%)","9,484(110.7%)"
2025.05.12,멜론,멜론 머스크,특,5kg상자,38000,38000,38000,"""""","38,000(100%)","41,335(91.9%)","59,656(63.7%)"
2025.05.12,멜론,멜론 머스크,상,5kg상자,36000,38000,37026,140,"36,886(100.4%)","39,922(92.7%)","57,815(64%)"
2025.05.12,멜론,멜론 머스크,보통,5kg상자,22000,36000,28300,"-6,516","34,816(81.3%)","33,826(83.7%)","43,847(64.5%)"
2025.05.12,멜론,멜론 머스크,하,5kg상자,10000,22000,17672,"-10,284","27,956(63.2%)","24,750(71.4%)","20,484(86.3%)"
2025.05.12,멜론,멜론 머스크,특,8kg상자,65000,77000,71444,"16,444","55,000(129.9%)","71,552(99.8%)","97,782(73.1%)"
2025.05.12,멜론,멜론 머스크,상,8kg상자,38000,65000,45875,-470,"46,345(99%)","54,598(84%)","67,003(68.5%)"
2025.05.12,멜론,멜론 머스크,보통,8kg상자,26000,38000,31176,"-2,734","33,910(91.9%)","37,001(84.3%)","39,199(79.5%)"
2025.05.12,멜론,멜론 머스크,하,8kg상자,15000,26000,23723,"-2,843","26,566(89.3%)","27,843(85.2%)","23,392(101.4%)"
2025.05.12,멜론,백색멜론,특,5kg상자,19000,46000,25118,"4,118","21,000(119.6%)","28,056(89.5%)","36,000(69.8%)"
2025.05.12,멜론,백색멜론,상,5kg상자,15000,19000,16645,-601,"17,246(96.5%)","21,208(78.5%)",0
2025.05.12,멜론,백색멜론,보통,5kg상자,14000,15000,14748,"1,467","13,281(111%)","20,356(72.5%)","26,907(54.8%)"
2025.05.12,멜론,백색멜론,하,5kg상자,10000,14000,12757,"1,189","11,568(110.3%)","16,426(77.7%)","15,772(80.9%)"
2025.05.12,멜론,백색멜론,특,8kg상자,33000,33000,33000,"""""","33,000(100%)","35,945(91.8%)",0
2025.05.12,멜론,백색멜론,상,8kg상자,32000,33000,32110,"""""","32,110(100%)","34,554(92.9%)",0
2025.05.12,멜론,백색멜론,보통,8kg상자,28000,32000,30358,"""""","30,358(100%)","30,351(100%)",0
2025.05.12,멜론,백색멜론,하,8kg상자,25000,28000,26531,"""""","26,531(100%)","26,049(101.9%)",0
2025.05.12,멜론,황색멜론,특,5kg상자,21000,21000,21000,"""""","21,000(100%)","21,000(100%)",0
2025.05.12,멜론,황색멜론,상,5kg상자,18000,21000,19071,"-1,111","20,182(94.5%)","20,182(94.5%)",0
2025.05.12,멜론,황색멜론,보통,5kg상자,15000,18000,16628,"-2,132","18,760(88.6%)","18,760(88.6%)",0
2025.05.12,멜론,황색멜론,하,5kg상자,12000,14000,13368,"-2,700","16,068(83.2%)","16,068(83.2%)",0
2025.05.12,멜론,멜론 파파야,특,10kg상자,36000,41000,40273,"-6,477","46,750(86.1%)","46,778(86.1%)","33,333(120.8%)"
2025.05.12,멜론,멜론 파파야,상,10kg상자,30000,36000,33394,"-5,952","39,346(84.9%)","39,446(84.7%)","30,250(110.4%)"
2025.05.12,멜론,멜론 파파야,보통,10kg상자,18000,30000,22530,"-4,338","26,868(83.9%)","29,809(75.6%)","21,667(104%)"
2025.05.12,멜론,멜론 파파야,하,10kg상자,7000,18000,15705,"-2,060","17,765(88.4%)","21,637(72.6%)","19,167(81.9%)"
2025.05.12,멜론,멜론 가야백자,특,8kg상자,33000,33000,33000,"""""","33,000(100%)","35,945(91.8%)",0
2025.05.12,멜론,멜론 가야백자,상,8kg상자,32000,33000,32110,"""""","32,110(100%)","34,566(92.9%)",0
2025.05.12,멜론,멜론 가야백자,보통,8kg상자,28000,32000,30358,"""""","30,358(100%)","30,357(100%)",0
2025.05.12,멜론,멜론 가야백자,하,8kg상자,25000,28000,26531,"""""","26,531(100%)","26,058(101.8%)",0
2025.05.12,가지,가지,상,5kg상자,17000,20000,17970,361,"17,609(102.1%)","16,744(107.3%)","19,455(92.4%)"
2025.05.12,가지,가지,보통,5kg상자,12000,17000,14656,446,"14,210(103.1%)","13,609(107.7%)","15,690(93.4%)"
2025.05.12,가지,가지,하,5kg상자,2000,12000,9645,"1,050","8,595(112.2%)","8,181(117.9%)","11,289(85.4%)"
2025.05.12,가지,가지,상,8kg상자,25000,29000,27248,"-1,365","28,613(95.2%)","27,150(100.4%)","31,135(87.5%)"
2025.05.12,가지,가지,보통,8kg상자,16000,25000,20830,"-1,339","22,169(94%)","21,916(95%)","26,340(79.1%)"
2025.05.12,가지,가지,하,8kg상자,1000,16000,12591,-267,"12,858(97.9%)","13,354(94.3%)","19,604(64.2%)"
2025.05.12,무,무,특,20kg상자,26700,28500,27151,956,"26,195(103.6%)","26,768(101.4%)","21,293(127.5%)"
2025.05.12,무,무,상,20kg상자,22200,26700,24331,223,"24,108(100.9%)","22,366(108.8%)","19,185(126.8%)"
2025.05.12,무,무,보통,20kg상자,16700,22200,19816,-168,"19,984(99.2%)","15,280(129.7%)","15,118(131.1%)"
2025.05.12,무,무,하,20kg상자,6700,16700,13785,-362,"14,147(97.4%)","10,122(136.2%)","10,228(134.8%)"
2025.05.12,열무,열무,상,1.5kg단,1302,1868,1441,213,"1,228(117.3%)","1,598(90.2%)","3,184(45.3%)"
2025.05.12,열무,열무,보통,1.5kg단,972,1302,1122,243,879(127.6%),"1,149(97.7%)","2,546(44.1%)"
2025.05.12,열무,열무,하,1.5kg단,594,972,817,181,636(128.5%),784(104.2%),"1,826(44.7%)"
2025.05.12,열무,열무,상,4kg상자,6500,9900,7754,"1,440","6,314(122.8%)","6,913(112.2%)","13,314(58.2%)"
2025.05.12,열무,열무,보통,4kg상자,3300,6500,4930,"1,159","3,771(130.7%)","4,494(109.7%)","7,471(66%)"
2025.05.12,열무,열무,하,4kg상자,1800,3300,2638,348,"2,290(115.2%)","2,567(102.8%)","4,171(63.2%)"
2025.05.12,당근,당근,특,20kg상자,29000,32000,31015,515,"30,500(101.7%)","37,121(83.6%)","55,000(56.4%)"
2025.05.12,당근,당근,상,20kg상자,26000,29000,27679,-71,"27,750(99.7%)","32,555(85%)","49,660(55.7%)"
2025.05.12,당근,당근,보통,20kg상자,20000,26000,24167,"1,182","22,985(105.1%)","26,709(90.5%)","40,925(59.1%)"
2025.05.12,당근,당근,하,20kg상자,4000,20000,15292,"-1,673","16,965(90.1%)","20,254(75.5%)","35,408(43.2%)"
2025.05.12,당근,당근 수입,특,10kg상자,7900,7900,7900,400,"7,500(105.3%)","8,097(97.6%)","6,800(116.2%)"
2025.05.12,당근,당근 수입,상,10kg상자,7600,7900,7739,332,"7,407(104.5%)","7,726(100.2%)","6,607(117.1%)"
2025.05.12,당근,당근 수입,보통,10kg상자,7000,7600,7352,538,"6,814(107.9%)","7,321(100.4%)","5,750(127.9%)"
2025.05.12,당근,당근 수입,하,10kg상자,5500,7000,6683,793,"5,890(113.5%)","6,282(106.4%)","4,567(146.3%)"
2025.05.12,연근,연근(일반),상,15kg상자,13000,38500,27677,-506,"28,183(98.2%)","27,795(99.6%)",0
2025.05.12,생고추,풋고추(일반),특,10kg상자,90000,110000,101765,"28,500","73,265(138.9%)","80,587(126.3%)","69,529(146.4%)"
2025.05.12,생고추,풋고추(일반),상,10kg상자,50000,90000,69416,"16,059","53,357(130.1%)","59,845(116%)","52,123(133.2%)"
2025.05.12,생고추,풋고추(일반),보통,10kg상자,19000,50000,41696,746,"40,950(101.8%)","35,154(118.6%)","30,204(138%)"
2025.05.12,생고추,풋고추(일반),하,10kg상자,8000,19000,14952,"2,699","12,253(122%)","12,327(121.3%)","14,885(100.5%)"
2025.05.12,생고추,꽈리고추,특,4kg상자,27000,37000,31338,"-1,691","33,029(94.9%)","34,103(91.9%)","33,939(92.3%)"
2025.05.12,생고추,꽈리고추,상,4kg상자,17000,27000,20641,"-1,189","21,830(94.6%)","21,511(96%)","25,037(82.4%)"
2025.05.12,생고추,꽈리고추,보통,4kg상자,13000,17000,14815,-204,"15,019(98.6%)","14,881(99.6%)","18,842(78.6%)"
2025.05.12,생고추,꽈리고추,하,4kg상자,4000,13000,10237,61,"10,176(100.6%)","10,142(100.9%)","14,897(68.7%)"
2025.05.12,생고추,청양고추,특,10kg상자,27000,42000,32273,"1,571","30,702(105.1%)","35,499(90.9%)","43,079(74.9%)"
2025.05.12,생고추,청양고추,상,10kg상자,22500,27000,24370,875,"23,495(103.7%)","27,256(89.4%)","33,963(71.8%)"
2025.05.12,생고추,청양고추,보통,10kg상자,18000,22500,20793,"1,337","19,456(106.9%)","23,685(87.8%)","28,996(71.7%)"
2025.05.12,생고추,청양고추,하,10kg상자,8000,18000,15130,742,"14,388(105.2%)","18,571(81.5%)","24,350(62.1%)"
2025.05.12,생고추,녹광고추,특,10kg상자,90000,110000,102500,"29,235","73,265(139.9%)","80,610(127.2%)","69,545(147.4%)"
2025.05.12,생고추,녹광고추,상,10kg상자,50000,90000,70629,"17,090","53,539(131.9%)","59,832(118%)","50,934(138.7%)"
2025.05.12,생고추,녹광고추,보통,10kg상자,19000,50000,43085,"2,013","41,072(104.9%)","35,264(122.2%)","30,143(142.9%)"
2025.05.12,생고추,녹광고추,하,10kg상자,8000,19000,14802,"2,581","12,221(121.1%)","12,410(119.3%)","15,409(96.1%)"
2025.05.12,생고추,오이맛고추,특,10kg상자,50000,52500,50298,"2,850","47,448(106%)","47,601(105.7%)","43,691(115.1%)"
2025.05.12,생고추,오이맛고추,상,10kg상자,33000,50000,41242,"6,397","34,845(118.4%)","34,490(119.6%)","31,045(132.8%)"
2025.05.12,생고추,오이맛고추,보통,10kg상자,17000,33000,25858,"6,008","19,850(130.3%)","23,226(111.3%)","22,618(114.3%)"
2025.05.12,생고추,오이맛고추,하,10kg상자,6000,17000,12776,"2,038","10,738(119%)","11,353(112.5%)","13,563(94.2%)"
2025.05.12,생고추,오이맛고추,특,3.6kg상자,15000,17000,16101,"-1,593","17,694(91%)","15,805(101.9%)","14,336(112.3%)"
2025.05.12,생고추,오이맛고추,상,3.6kg상자,14000,15000,14324,-813,"15,137(94.6%)","14,732(97.2%)","13,221(108.3%)"
2025.05.12,생고추,오이맛고추,보통,3.6kg상자,13000,14000,13391,-470,"13,861(96.6%)","13,741(97.5%)","11,984(111.7%)"
2025.05.12,생고추,오이맛고추,하,3.6kg상자,12000,13000,12758,975,"11,783(108.3%)","12,265(104%)","10,493(121.6%)"
2025.05.12,생고추,롱그린고추,특,10kg상자,62000,70000,66182,"15,077","51,105(129.5%)","51,609(128.2%)","67,455(98.1%)"
2025.05.12,생고추,롱그린고추,상,10kg상자,47500,62000,50856,"6,904","43,952(115.7%)","42,876(118.6%)","45,868(110.9%)"
2025.05.12,생고추,롱그린고추,보통,10kg상자,16000,47500,34282,"1,119","33,163(103.4%)","28,728(119.3%)","29,093(117.8%)"
2025.05.12,생고추,롱그린고추,하,10kg상자,7000,16000,11449,"-1,239","12,688(90.2%)","11,856(96.6%)","18,103(63.2%)"
2025.05.12,생고추,홍고추,특,10kg상자,94000,100000,95887,"-23,542","119,429(80.3%)","101,917(94.1%)","64,702(148.2%)"
2025.05.12,생고추,홍고추,상,10kg상자,84000,94000,87574,"-17,928","105,502(83%)","92,320(94.9%)","57,605(152%)"
2025.05.12,생고추,홍고추,보통,10kg상자,51000,84000,73551,"-15,565","89,116(82.5%)","73,583(100%)","52,432(140.3%)"
2025.05.12,생고추,홍고추,하,10kg상자,7000,51000,42894,"-7,087","49,981(85.8%)","42,251(101.5%)","42,374(101.2%)"
2025.05.12,마늘,깐마늘 대서,상,20kg,175000,196000,175400,-555,"175,955(99.7%)","164,969(106.3%)","129,122(135.8%)"
2025.05.12,마늘,깐마늘 대서,보통,20kg,150000,175000,166987,"1,447","165,540(100.9%)","145,068(115.1%)","108,351(154.1%)"
2025.05.12,마늘,깐마늘 대서,하,20kg,120000,150000,139589,"5,407","134,182(104%)","119,752(116.6%)","65,946(211.7%)"
2025.05.12,양파,양파,특,12kg,15200,16100,15481,-162,"15,643(99%)","14,620(105.9%)","15,761(98.2%)"
2025.05.12,양파,양파,상,12kg,13500,15200,14005,-878,"14,883(94.1%)","13,917(100.6%)","15,035(93.1%)"
2025.05.12,양파,양파,보통,12kg,12400,13500,13044,-839,"13,883(94%)","12,862(101.4%)","13,563(96.2%)"
2025.05.12,양파,양파,하,12kg,8300,12400,10172,-719,"10,891(93.4%)","9,886(102.9%)","10,764(94.5%)"
2025.05.12,양파,양파,특,15kg,13050,16000,13754,"-1,798","15,552(88.4%)","14,987(91.8%)","21,349(64.4%)"
2025.05.12,양파,양파,상,15kg,12200,13050,12558,-934,"13,492(93.1%)","13,521(92.9%)","20,354(61.7%)"
2025.05.12,양파,양파,보통,15kg,11700,12200,11968,-866,"12,834(93.3%)","12,753(93.8%)","19,677(60.8%)"
2025.05.12,양파,양파,하,15kg,5600,11700,11416,-567,"11,983(95.3%)","11,941(95.6%)","16,018(71.3%)"
2025.05.12,양파,양파,특,1kg,1167,1410,1232,-47,"1,279(96.3%)","1,197(102.9%)","1,441(85.5%)"
2025.05.12,양파,양파,상,1kg,840,1167,981,-126,"1,107(88.6%)","1,021(96.1%)","1,354(72.5%)"
2025.05.12,양파,양파,보통,1kg,787,840,811,-69,880(92.2%),863(94%),"1,266(64.1%)"
2025.05.12,양파,양파,하,1kg,200,787,726,-78,804(90.3%),764(95%),961(75.5%)
2025.05.12,양파,양파 조생,특,12kg,15200,16100,15417,-174,"15,591(98.9%)","14,722(104.7%)","15,878(97.1%)"
2025.05.12,양파,양파 조생,상,12kg,13300,15200,13913,-878,"14,791(94.1%)","13,866(100.3%)","15,210(91.5%)"
2025.05.12,양파,양파 조생,보통,12kg,12300,13300,12858,-855,"13,713(93.8%)","12,809(100.4%)","13,860(92.8%)"
2025.05.12,양파,양파 조생,하,12kg,8300,12300,10426,-509,"10,935(95.3%)","9,579(108.8%)","10,839(96.2%)"
2025.05.12,양파,양파 조생,특,15kg,13200,16000,13785,"-1,970","15,755(87.5%)","14,951(92.2%)","21,557(63.9%)"
2025.05.12,양파,양파 조생,상,15kg,12300,13200,12597,"-1,099","13,696(92%)","13,521(93.2%)","20,559(61.3%)"
2025.05.12,양파,양파 조생,보통,15kg,11750,12300,12017,-924,"12,941(92.9%)","12,779(94%)","19,801(60.7%)"
2025.05.12,양파,양파 조생,하,15kg,5600,11750,11485,-677,"12,162(94.4%)","12,027(95.5%)","16,773(68.5%)"
2025.05.12,양파,자주양파,특,12kg,14500,14500,14500,"3,500","11,000(131.8%)","12,642(114.7%)","19,000(76.3%)"
2025.05.12,양파,자주양파,상,12kg,13500,14500,14000,"3,769","10,231(136.8%)","11,482(121.9%)","18,783(74.5%)"
2025.05.12,양파,자주양파,보통,12kg,12800,13500,13204,"5,073","8,131(162.4%)","8,566(154.1%)","18,125(72.8%)"
2025.05.12,양파,자주양파,하,12kg,4800,12800,9826,"6,003","3,823(257%)","5,172(190%)","10,755(91.4%)"
2025.05.12,양파,자주양파,특,1kg,1208,1208,1208,208,"1,000(120.8%)","1,027(117.6%)","1,687(71.6%)"
2025.05.12,양파,자주양파,상,1kg,1067,1208,1127,173,954(118.1%),944(119.4%),"1,617(69.7%)"
2025.05.12,양파,자주양파,보통,1kg,667,1067,807,-14,821(98.3%),748(107.9%),"1,527(52.8%)"
2025.05.12,양파,자주양파,하,1kg,400,667,555,38,517(107.4%),436(127.3%),"1,071(51.8%)"
2025.05.12,양파,자주양파,특,20kg,24167,24167,24167,"4,167","20,000(120.8%)","20,569(117.5%)","33,733(71.6%)"
2025.05.12,양파,자주양파,상,20kg,21333,24167,22560,"3,443","19,117(118%)","18,887(119.4%)","32,262(69.9%)"
2025.05.12,양파,자주양파,보통,20kg,13333,21333,16174,-279,"16,453(98.3%)","14,937(108.3%)","30,584(52.9%)"
2025.05.12,양파,자주양파,하,20kg,8000,13333,11196,822,"10,374(107.9%)","8,738(128.1%)","21,313(52.5%)"
2025.05.12,양파,양파(햇),특,12kg,15200,16100,15417,-174,"15,591(98.9%)","14,722(104.7%)","15,878(97.1%)"
2025.05.12,양파,양파(햇),상,12kg,13300,15200,13913,-878,"14,791(94.1%)","13,866(100.3%)","15,210(91.5%)"
2025.05.12,양파,양파(햇),보통,12kg,12300,13300,12858,-855,"13,713(93.8%)","12,809(100.4%)","13,860(92.8%)"
2025.05.12,양파,양파(햇),하,12kg,8300,12300,10426,-509,"10,935(95.3%)","9,579(108.8%)","10,839(96.2%)"
2025.05.12,양파,양파(햇),특,15kg,13200,16000,13785,"-1,970","15,755(87.5%)","14,951(92.2%)","21,557(63.9%)"
2025.05.12,양파,양파(햇),상,15kg,12300,13200,12597,"-1,099","13,696(92%)","13,521(93.2%)","20,559(61.3%)"
2025.05.12,양파,양파(햇),보통,15kg,11750,12300,12017,-924,"12,941(92.9%)","12,779(94%)","19,801(60.7%)"
2025.05.12,양파,양파(햇),하,15kg,5600,11750,11485,-677,"12,162(94.4%)","12,027(95.5%)","16,773(68.5%)"
2025.05.12,양파,양파(햇),특,20kg,8300,8300,8300,"""""","8,300(100%)","8,300(100%)",0
2025.05.12,양파,양파(햇),상,20kg,6800,8300,7452,"""""","7,452(100%)","7,452(100%)",0
2025.05.12,양파,양파(햇),보통,20kg,5500,6800,6216,"""""","6,216(100%)","6,216(100%)",0
2025.05.12,양파,양파(햇),하,20kg,4800,5500,5077,"""""","5,077(100%)","5,077(100%)",0
2025.05.12,양파,양파 수입,특,1kg,1133,1140,1139,-293,"1,432(79.5%)","1,573(72.4%)","1,466(77.7%)"
2025.05.12,양파,양파 수입,상,1kg,1087,1133,1105,-108,"1,213(91.1%)","1,361(81.2%)","1,429(77.3%)"
2025.05.12,양파,양파 수입,보통,1kg,907,1087,1057,-116,"1,173(90.1%)","1,263(83.7%)","1,400(75.5%)"
2025.05.12,양파,양파 수입,하,1kg,833,907,873,272,601(145.3%),927(94.2%),"1,380(63.3%)"
2025.05.12,대파,대파(일반),특,10kg단,12600,12800,12745,"1,745","11,000(115.9%)","10,294(123.8%)","18,293(69.7%)"
2025.05.12,대파,대파(일반),상,10kg단,11200,12600,11846,"1,801","10,045(117.9%)","9,329(127%)","16,162(73.3%)"
2025.05.12,대파,대파(일반),보통,10kg단,8800,11200,9930,"1,745","8,185(121.3%)","8,019(123.8%)","14,216(69.9%)"
2025.05.12,대파,대파(일반),하,10kg단,5300,8800,6811,"1,667","5,144(132.4%)","6,206(109.7%)","11,740(58%)"
2025.05.12,대파,대파(일반),특,1kg단,1260,1280,1274,174,"1,100(115.8%)","1,030(123.7%)","1,829(69.7%)"
2025.05.12,대파,대파(일반),상,1kg단,1120,1260,1185,181,"1,004(118%)",933(127%),"1,616(73.3%)"
2025.05.12,대파,대파(일반),보통,1kg단,880,1120,993,175,818(121.4%),802(123.8%),"1,422(69.8%)"
2025.05.12,대파,대파(일반),하,1kg단,530,880,681,167,514(132.5%),621(109.7%),"1,174(58%)"
2025.05.12,대파,실파,특,20kg,68000,71000,70211,"3,948","66,263(106%)","93,615(75%)","68,923(101.9%)"
2025.05.12,대파,실파,상,20kg,55000,68000,60672,"7,080","53,592(113.2%)","83,403(72.7%)","60,660(100%)"
2025.05.12,대파,실파,보통,20kg,45000,55000,49948,"7,471","42,477(117.6%)","67,890(73.6%)","49,201(101.5%)"
2025.05.12,대파,실파,하,20kg,35500,45000,40344,"5,844","34,500(116.9%)","52,673(76.6%)","37,218(108.4%)"
2025.05.12,쪽파,쪽파,특,10kg상자,53000,55000,54494,"1,858","52,636(103.5%)","54,889(99.3%)","49,975(109%)"
2025.05.12,쪽파,쪽파,상,10kg상자,38000,53000,44192,"-3,419","47,611(92.8%)","46,712(94.6%)","44,890(98.4%)"
2025.05.12,쪽파,쪽파,보통,10kg상자,32000,38000,34147,"-7,465","41,612(82.1%)","37,486(91.1%)","34,422(99.2%)"
2025.05.12,쪽파,쪽파,하,10kg상자,21000,32000,30759,"-1,469","32,228(95.4%)","26,985(114%)","20,301(151.5%)"
2025.05.12,쪽파,깐쪽파,특,10kg상자,74000,76000,75462,"6,414","69,048(109.3%)","75,591(99.8%)","74,557(101.2%)"
2025.05.12,쪽파,깐쪽파,상,10kg상자,65000,74000,68540,"6,466","62,074(110.4%)","66,002(103.8%)","62,673(109.4%)"
2025.05.12,쪽파,깐쪽파,보통,10kg상자,52000,65000,59161,"10,862","48,299(122.5%)","52,024(113.7%)","51,853(114.1%)"
2025.05.12,쪽파,깐쪽파,하,10kg상자,27000,52000,44373,"10,400","33,973(130.6%)","35,446(125.2%)","38,540(115.1%)"
2025.05.12,피망,청피망,특,10kg상자,46000,55000,48860,"2,749","46,111(106%)","58,143(84%)","31,707(154.1%)"
2025.05.12,피망,청피망,상,10kg상자,36000,46000,39532,560,"38,972(101.4%)","48,934(80.8%)","25,900(152.6%)"
2025.05.12,피망,청피망,보통,10kg상자,24000,36000,31761,"2,447","29,314(108.3%)","37,197(85.4%)","17,291(183.7%)"
2025.05.12,피망,청피망,하,10kg상자,4000,24000,15500,"5,222","10,278(150.8%)","19,766(78.4%)","9,192(168.6%)"
2025.05.12,피망,홍피망,특,10kg상자,122000,122000,122000,"21,625","100,375(121.5%)","159,580(76.5%)","88,000(138.6%)"
2025.05.12,피망,홍피망,상,10kg상자,92000,122000,108700,"25,241","83,459(130.2%)","126,902(85.7%)","61,532(176.7%)"
2025.05.12,피망,홍피망,보통,10kg상자,43500,92000,63197,"5,681","57,516(109.9%)","74,208(85.2%)","36,328(174%)"
2025.05.12,피망,홍피망,하,10kg상자,17000,43500,35079,"-1,221","36,300(96.6%)","38,854(90.3%)","15,330(228.8%)"
2025.05.12,파프리카,노랑 파프리카,상,5kg상자,16000,21000,16520,92,"16,428(100.6%)","22,870(72.2%)","16,982(97.3%)"
2025.05.12,파프리카,노랑 파프리카,보통,5kg상자,13500,16000,14895,369,"14,526(102.5%)","19,014(78.3%)","14,310(104.1%)"
2025.05.12,파프리카,노랑 파프리카,하,5kg상자,6000,13500,11716,153,"11,563(101.3%)","13,848(84.6%)","11,624(100.8%)"
2025.05.12,파프리카,빨강 파프리카,상,5kg상자,21000,29000,22040,"1,714","20,326(108.4%)","26,628(82.8%)","16,855(130.8%)"
2025.05.12,파프리카,빨강 파프리카,보통,5kg상자,19000,21000,19795,"2,523","17,272(114.6%)","23,699(83.5%)","15,589(127%)"
2025.05.12,파프리카,빨강 파프리카,하,5kg상자,7000,19000,15847,"2,615","13,232(119.8%)","19,336(82%)","12,433(127.5%)"
2025.05.12,파프리카,오렌지 파프리카,상,5kg상자,24000,25000,24513,"1,251","23,262(105.4%)","28,116(87.2%)","21,000(116.7%)"
2025.05.12,파프리카,오렌지 파프리카,보통,5kg상자,23000,24000,23134,"2,526","20,608(112.3%)","25,062(92.3%)","18,056(128.1%)"
2025.05.12,파프리카,오렌지 파프리카,하,5kg상자,15000,23000,20119,"4,430","15,689(128.2%)","19,458(103.4%)","13,897(144.8%)"
2025.05.12,양상추,양상추(일반),상,12개,12500,15500,13710,"-2,422","16,132(85%)","15,665(87.5%)","13,072(104.9%)"
2025.05.12,양상추,양상추(일반),보통,12개,9500,12500,11092,"-2,560","13,652(81.2%)","12,869(86.2%)","11,821(93.8%)"
2025.05.12,양상추,양상추(일반),하,12개,3000,9500,7056,"-2,280","9,336(75.6%)","9,200(76.7%)","7,384(95.6%)"
2025.05.12,로메인,로메인(일반),상,2kg상자,4900,6500,5550,-636,"6,186(89.7%)","8,514(65.2%)","8,977(61.8%)"
2025.05.12,로메인,로메인(일반),보통,2kg상자,4000,4900,4268,-480,"4,748(89.9%)","6,894(61.9%)","7,321(58.3%)"
2025.05.12,로메인,로메인(일반),하,2kg상자,2600,4000,3663,80,"3,583(102.2%)","4,937(74.2%)","5,425(67.5%)"
2025.05.12,로메인,통로메인,상,2kg상자,4500,5500,4709,"-1,715","6,424(73.3%)","10,796(43.6%)","7,012(67.2%)"
2025.05.12,로메인,통로메인,보통,2kg상자,3200,4500,3847,-845,"4,692(82%)","8,650(44.5%)","5,766(66.7%)"
2025.05.12,로메인,통로메인,하,2kg상자,2000,3200,2802,-967,"3,769(74.3%)","5,581(50.2%)","2,282(122.8%)"
2025.05.12,아스파라거스,아스파라거스 국산,상,1kg,9000,10000,9259,-753,"10,012(92.5%)","11,109(83.3%)","10,743(86.2%)"
2025.05.12,아스파라거스,아스파라거스 국산,보통,1kg,8500,9000,8693,"-1,016","9,709(89.5%)","10,375(83.8%)","9,514(91.4%)"
2025.05.12,아스파라거스,아스파라거스 국산,하,1kg,7000,8500,8060,"-1,066","9,126(88.3%)","9,281(86.8%)","6,978(115.5%)"
2025.05.12,파슬리,파슬리,상,4kg상자,8500,9500,9158,"1,554","7,604(120.4%)","8,662(105.7%)","10,558(86.7%)"
2025.05.12,파슬리,파슬리,보통,4kg상자,8000,8500,8247,"2,585","5,662(145.7%)","7,376(111.8%)","7,874(104.7%)"
2025.05.12,파슬리,파슬리,하,4kg상자,6000,8000,7104,"2,705","4,399(161.5%)","6,009(118.2%)","2,929(242.5%)"
2025.05.12,비트,비트 국산,상,10kg상자,32500,33500,33005,872,"32,133(102.7%)","27,093(121.8%)","18,836(175.2%)"
2025.05.12,비트,비트 국산,보통,10kg상자,30000,32500,32057,"1,749","30,308(105.8%)","23,626(135.7%)","14,497(221.1%)"
2025.05.12,비트,비트 국산,하,10kg상자,8000,30000,22679,-717,"23,396(96.9%)","18,253(124.2%)","10,658(212.8%)"
2025.05.12,셀러리,셀러리,상,10kg상자,24000,26000,24700,"-1,543","26,243(94.1%)","23,357(105.7%)","14,094(175.3%)"
2025.05.12,셀러리,셀러리,보통,10kg상자,17000,24000,20642,"-3,663","24,305(84.9%)","19,588(105.4%)","10,762(191.8%)"
2025.05.12,셀러리,셀러리,하,10kg상자,3000,17000,12897,"-5,462","18,359(70.2%)","12,578(102.5%)","9,061(142.3%)"
2025.05.12,칼리플라워,칼리플라워,상,8kg상자,51000,54500,52881,"-5,308","58,189(90.9%)","52,085(101.5%)","32,943(160.5%)"
2025.05.12,칼리플라워,칼리플라워,보통,8kg상자,27000,51000,40674,"1,067","39,607(102.7%)","42,478(95.8%)","21,649(187.9%)"
2025.05.12,칼리플라워,칼리플라워,하,8kg상자,4000,27000,17325,"-11,790","29,115(59.5%)","28,750(60.3%)","8,480(204.3%)"
2025.05.12,브로콜리,브로콜리 국산,상,8kg상자,34500,47000,39849,"-6,877","46,726(85.3%)","45,085(88.4%)","48,806(81.6%)"
2025.05.12,브로콜리,브로콜리 국산,보통,8kg상자,29500,34500,31318,"-8,259","39,577(79.1%)","36,976(84.7%)","42,929(73%)"
2025.05.12,브로콜리,브로콜리 국산,하,8kg상자,11000,29500,26324,"-1,183","27,507(95.7%)","24,191(108.8%)","28,548(92.2%)"
2025.05.12,브로콜리,브로콜리 수입,상,8kg상자,15500,16500,15939,-142,"16,081(99.1%)","15,561(102.4%)","31,085(51.3%)"
2025.05.12,브로콜리,브로콜리 수입,보통,8kg상자,14000,15500,14655,814,"13,841(105.9%)","13,225(110.8%)","28,651(51.2%)"
2025.05.12,브로콜리,브로콜리 수입,하,8kg상자,3000,14000,11135,251,"10,884(102.3%)","9,301(119.7%)","24,102(46.2%)"
2025.05.12,케일,케일,상,2kg상자,2900,4200,3362,"-7,020","10,382(32.4%)","5,898(57%)","9,702(34.7%)"
2025.05.12,케일,케일,보통,2kg상자,1900,2900,2273,"-5,046","7,319(31.1%)","4,130(55%)","7,400(30.7%)"
2025.05.12,케일,케일,하,2kg상자,1100,1900,1617,"-3,747","5,364(30.1%)","2,913(55.5%)","5,666(28.5%)"
2025.05.12,빨간양배추,빨간양배추 국산,상,8kg상자,15000,15000,15000,"3,985","11,015(136.2%)","11,758(127.6%)","16,373(91.6%)"
2025.05.12,빨간양배추,빨간양배추 국산,보통,8kg상자,9000,15000,11590,"1,512","10,078(115%)","10,911(106.2%)","14,623(79.3%)"
2025.05.12,빨간양배추,빨간양배추 국산,하,8kg상자,3000,9000,8619,-96,"8,715(98.9%)","9,555(90.2%)","11,777(73.2%)"
2025.05.12,비타민,비타민,상,2kg상자,2500,3000,2701,-181,"2,882(93.7%)","4,111(65.7%)","2,577(104.8%)"
2025.05.12,비타민,비타민,보통,2kg상자,1900,2500,2116,75,"2,041(103.7%)","3,049(69.4%)","1,753(120.7%)"
2025.05.12,비타민,비타민,하,2kg상자,500,1900,1485,16,"1,469(101.1%)","2,173(68.3%)","1,053(141%)"
2025.05.12,바실,바실,상,1kg상자,26900,27900,27318,391,"26,927(101.5%)","32,332(84.5%)","26,019(105%)"
2025.05.12,바실,바실,보통,1kg상자,23200,26900,25326,"2,110","23,216(109.1%)","28,870(87.7%)","21,825(116%)"
2025.05.12,바실,바실,하,1kg상자,11100,23200,18067,"-2,460","20,527(88%)","22,838(79.1%)","15,348(117.7%)"
2025.05.12,딜,딜,상,1kg상자,4300,4700,4529,350,"4,179(108.4%)","7,808(58%)","4,089(110.8%)"
2025.05.12,딜,딜,보통,1kg상자,3900,4300,4078,830,"3,248(125.6%)","6,193(65.8%)","3,100(131.5%)"
2025.05.12,딜,딜,하,1kg상자,1200,3900,2579,163,"2,416(106.7%)","4,119(62.6%)","2,393(107.8%)"
2025.05.12,루꼴라,로케트 루꼴라,상,1kg상자,4600,5800,5269,706,"4,563(115.5%)","8,581(61.4%)","4,988(105.6%)"
2025.05.12,루꼴라,로케트 루꼴라,보통,1kg상자,1700,4600,2784,-169,"2,953(94.3%)","5,762(48.3%)","3,718(74.9%)"
2025.05.12,루꼴라,로케트 루꼴라,하,1kg상자,600,1700,1092,174,918(119%),"3,211(34%)","2,315(47.2%)"
2025.05.12,고구마순,생고구마순,상,4kg상자,17500,18500,18074,-35,"18,109(99.8%)","16,027(112.8%)","19,853(91%)"
2025.05.12,고구마순,생고구마순,보통,4kg상자,17000,17500,17464,964,"16,500(105.8%)","15,020(116.3%)","18,949(92.2%)"
2025.05.12,고구마순,생고구마순,하,4kg상자,15500,17000,16456,945,"15,511(106.1%)","13,124(125.4%)","18,154(90.6%)"
2025.05.12,취나물,취나물,상,4kg상자,22500,34000,26202,"-5,157","31,359(83.6%)","25,580(102.4%)","25,833(101.4%)"
2025.05.12,취나물,취나물,보통,4kg상자,17500,22500,19035,"-8,031","27,066(70.3%)","20,557(92.6%)","20,100(94.7%)"
2025.05.12,취나물,취나물,하,4kg상자,5000,17500,13242,"-6,123","19,365(68.4%)","14,234(93%)","13,460(98.4%)"
2025.05.12,취나물,곰취나물,상,2kg상자,18500,20500,19205,-608,"19,813(96.9%)","20,332(94.5%)","11,986(160.2%)"
2025.05.12,취나물,곰취나물,보통,2kg상자,12500,18500,14738,-743,"15,481(95.2%)","17,153(85.9%)","10,195(144.6%)"
2025.05.12,취나물,곰취나물,하,2kg상자,10000,12500,12051,-493,"12,544(96.1%)","14,488(83.2%)","8,223(146.6%)"
2025.05.12,달래,달래(일반),상,8kg,176000,180000,178909,"""""","178,909(100%)","161,650(110.7%)",0
2025.05.12,달래,달래(일반),보통,8kg,132000,176000,164565,"""""","164,565(100%)","148,385(110.9%)",0
2025.05.12,달래,달래(일반),하,8kg,26000,132000,61455,"""""","61,455(100%)","77,366(79.4%)",0
2025.05.12,두릅,참두릅(자연산),상,1kg,15000,29500,19190,"-1,971","21,161(90.7%)","22,202(86.4%)","22,165(86.6%)"
2025.05.12,두릅,참두릅(자연산),보통,1kg,10000,15000,12310,"-2,133","14,443(85.2%)","16,168(76.1%)","15,432(79.8%)"
2025.05.12,두릅,참두릅(자연산),하,1kg,5500,10000,9471,-813,"10,284(92.1%)","12,065(78.5%)","7,766(122%)"
2025.05.12,두릅,땅두릅(재배산),상,2kg,14500,21500,16519,"-2,454","18,973(87.1%)","18,426(89.7%)","13,907(118.8%)"
2025.05.12,두릅,땅두릅(재배산),보통,2kg,12500,14500,13492,"-1,888","15,380(87.7%)","15,078(89.5%)","10,110(133.5%)"
2025.05.12,두릅,땅두릅(재배산),하,2kg,5000,12500,10547,-559,"11,106(95%)","11,373(92.7%)","7,345(143.6%)"
2025.05.12,아욱,아욱,상,400g단,1350,1780,1527,-108,"1,635(93.4%)","1,444(105.7%)","2,017(75.7%)"
2025.05.12,아욱,아욱,보통,400g단,860,1350,1113,314,799(139.3%),"1,016(109.5%)","1,603(69.4%)"
2025.05.12,아욱,아욱,하,400g단,550,860,755,145,610(123.8%),766(98.6%),"1,017(74.2%)"
2025.05.12,아욱,아욱,상,4kg상자,13500,17800,15270,"-1,078","16,348(93.4%)","14,439(105.8%)","20,167(75.7%)"
2025.05.12,아욱,아욱,보통,4kg상자,8600,13500,11131,"3,139","7,992(139.3%)","10,164(109.5%)","16,027(69.5%)"
2025.05.12,아욱,아욱,하,4kg상자,5500,8600,7552,"1,450","6,102(123.8%)","7,662(98.6%)","10,172(74.2%)"
2025.05.12,근대,근대,상,4kg상자,10400,11200,10657,"1,336","9,321(114.3%)","9,479(112.4%)","17,571(60.7%)"
2025.05.12,근대,근대,보통,4kg상자,8000,10400,8929,"1,458","7,471(119.5%)","7,844(113.8%)","16,127(55.4%)"
2025.05.12,근대,근대,하,4kg상자,5600,8000,6917,696,"6,221(111.2%)","6,158(112.3%)","13,452(51.4%)"
2025.05.12,근대,적근대,상,2kg상자,5100,7600,6015,"-2,568","8,583(70.1%)","9,554(63%)","11,480(52.4%)"
2025.05.12,근대,적근대,보통,2kg상자,3400,5100,3989,"-1,495","5,484(72.7%)","6,824(58.5%)","8,200(48.6%)"
2025.05.12,근대,적근대,하,2kg상자,2700,3400,3169,-12,"3,181(99.6%)","4,126(76.8%)","4,252(74.5%)"
2025.05.12,돗나물,돗나물,상,4kg,9700,11200,10536,"3,145","7,391(142.6%)","5,294(199%)","7,637(138%)"
2025.05.12,돗나물,돗나물,보통,4kg,7200,9700,8455,"4,006","4,449(190%)","3,461(244.3%)","5,834(144.9%)"
2025.05.12,돗나물,돗나물,하,4kg,5400,7200,6019,"3,010","3,009(200%)","2,415(249.2%)","3,422(175.9%)"
2025.05.12,머위대,머위대,상,4kg상자,6000,29000,17341,791,"16,550(104.8%)","19,779(87.7%)",0
2025.05.12,머위대,머위잎,상,4kg상자,19000,29000,21734,"-3,972","25,706(84.5%)","25,939(83.8%)","23,037(94.3%)"
2025.05.12,머위대,머위잎,보통,4kg상자,16500,19000,17940,445,"17,495(102.5%)","20,934(85.7%)","18,972(94.6%)"
2025.05.12,머위대,머위잎,하,4kg상자,6000,16500,14553,"3,505","11,048(131.7%)","15,543(93.6%)","15,753(92.4%)"
2025.05.12,청경채,청경채,상,4kg상자,3700,4900,4035,439,"3,596(112.2%)","4,449(90.7%)","4,912(82.1%)"
2025.05.12,청경채,청경채,보통,4kg상자,2800,3700,3279,268,"3,011(108.9%)","3,859(85%)","3,898(84.1%)"
2025.05.12,청경채,청경채,하,4kg상자,1100,2800,2444,151,"2,293(106.6%)","3,057(79.9%)","2,966(82.4%)"
2025.05.12,참나물,참나물,상,4kg,22200,24800,23147,-41,"23,188(99.8%)","13,907(166.4%)","19,858(116.6%)"
2025.05.12,참나물,참나물,보통,4kg,19800,22200,20797,-343,"21,140(98.4%)","12,257(169.7%)","18,997(109.5%)"
2025.05.12,참나물,참나물,하,4kg,16500,19800,18408,"1,270","17,138(107.4%)","10,084(182.5%)","17,105(107.6%)"
2025.05.12,무순,무순,상,0.05kg,350,350,350,"""""",350(100%),340(102.9%),350(100%)
2025.05.12,무순,무순,보통,0.05kg,250,350,302,-26,328(92.1%),307(98.4%),347(87%)
2025.05.12,무순,무순,하,0.05kg,250,250,250,-1,251(99.6%),251(99.6%),264(94.7%)
2025.05.12,고수,고수,상,0.2kg,3000,3400,3152,655,"2,497(126.2%)","3,885(81.1%)","4,013(78.5%)"
2025.05.12,고수,고수,보통,0.2kg,2500,3000,2749,697,"2,052(134%)","3,118(88.2%)","2,772(99.2%)"
2025.05.12,고수,고수,하,0.2kg,1300,2500,1914,427,"1,487(128.7%)","2,219(86.3%)","1,715(111.6%)"
2025.05.12,당귀잎,당귀잎,상,1kg,4000,5800,4552,61,"4,491(101.4%)","6,146(74.1%)","4,726(96.3%)"
2025.05.12,당귀잎,당귀잎,보통,1kg,3500,4000,3745,55,"3,690(101.5%)","5,213(71.8%)","4,191(89.4%)"
2025.05.12,당귀잎,당귀잎,하,1kg,1600,3500,2967,76,"2,891(102.6%)","4,057(73.1%)","3,471(85.5%)"
2025.05.12,방풍나물,방풍나물,상,2kg상자,6000,7500,6384,-915,"7,299(87.5%)","7,899(80.8%)","7,806(81.8%)"
2025.05.12,방풍나물,방풍나물,보통,2kg상자,4000,6000,5052,139,"4,913(102.8%)","6,941(72.8%)","7,299(69.2%)"
2025.05.12,방풍나물,방풍나물,하,2kg상자,3000,4000,3375,-89,"3,464(97.4%)","5,910(57.1%)","5,574(60.5%)"
2025.05.12,치커리,치커리(일반),상,2kg상자,5700,7500,6176,63,"6,113(101%)","8,057(76.7%)","4,507(137%)"
2025.05.12,치커리,치커리(일반),보통,2kg상자,4800,5700,5214,28,"5,186(100.5%)","6,924(75.3%)","3,568(146.1%)"
2025.05.12,치커리,치커리(일반),하,2kg상자,2100,4800,4014,694,"3,320(120.9%)","5,255(76.4%)","1,965(204.3%)"
2025.05.12,치커리,레드 치커리,상,2kg상자,19200,20100,19925,"5,863","14,062(141.7%)","18,688(106.6%)","13,273(150.1%)"
2025.05.12,치커리,레드 치커리,보통,2kg상자,16200,19200,18226,"6,055","12,171(149.7%)","16,785(108.6%)","10,408(175.1%)"
2025.05.12,치커리,레드 치커리,하,2kg상자,10700,16200,12361,"3,868","8,493(145.5%)","13,916(88.8%)","5,548(222.8%)"
2025.05.12,버섯,느타리버섯,특,2kg상자,16500,20500,18899,"-1,889","20,788(90.9%)","22,057(85.7%)","14,379(131.4%)"
2025.05.12,버섯,느타리버섯,상,2kg상자,9500,16500,12010,859,"11,151(107.7%)","10,993(109.3%)","9,144(131.3%)"
2025.05.12,버섯,느타리버섯,보통,2kg상자,5500,9500,6332,575,"5,757(110%)","6,145(103%)","4,324(146.4%)"
2025.05.12,버섯,느타리버섯,하,2kg상자,3000,5500,4690,397,"4,293(109.2%)","4,651(100.8%)","1,787(262.5%)"
2025.05.12,버섯,양송이,특,2kg상자,24000,28500,26718,"-3,314","30,032(89%)","28,592(93.4%)","26,558(100.6%)"
2025.05.12,버섯,양송이,상,2kg상자,15500,24000,18921,"-4,597","23,518(80.5%)","22,498(84.1%)","18,911(100.1%)"
2025.05.12,버섯,양송이,보통,2kg상자,7500,15500,11994,"-1,947","13,941(86%)","14,717(81.5%)","11,399(105.2%)"
2025.05.12,버섯,양송이,하,2kg상자,1000,7500,5805,"-1,236","7,041(82.4%)","7,343(79.1%)","4,654(124.7%)"
2025.05.12,버섯,새송이버섯,특,2kg상자,8500,12500,10326,-34,"10,360(99.7%)","10,755(96%)","9,387(110%)"
2025.05.12,버섯,새송이버섯,상,2kg상자,7000,8500,7508,118,"7,390(101.6%)","7,562(99.3%)","7,033(106.8%)"
2025.05.12,버섯,새송이버섯,보통,2kg상자,5500,7000,6475,218,"6,257(103.5%)","6,403(101.1%)","6,301(102.8%)"
2025.05.12,버섯,새송이버섯,하,2kg상자,1600,5500,4159,-76,"4,235(98.2%)","4,532(91.8%)","3,310(125.6%)"
2025.05.12,버섯,새송이버섯,특,4kg상자,10500,10500,10500,-492,"10,992(95.5%)","10,307(101.9%)","10,817(97.1%)"
2025.05.12,버섯,새송이버섯,상,4kg상자,10000,10500,10037,-458,"10,495(95.6%)","10,157(98.8%)","9,797(102.4%)"
2025.05.12,버섯,새송이버섯,보통,4kg상자,9500,10000,9834,-18,"9,852(99.8%)","9,659(101.8%)","8,959(109.8%)"
2025.05.12,버섯,새송이버섯,하,4kg상자,9000,9500,9138,-28,"9,166(99.7%)","9,021(101.3%)","8,097(112.9%)"
2025.05.12,버섯,생표고,특,16kg,168000,176000,172000,"-40,000","212,000(81.1%)","200,667(85.7%)","80,000(215%)"
2025.05.12,버섯,생표고,상,16kg,136000,168000,152737,"9,737","143,000(106.8%)","145,744(104.8%)","65,000(235%)"
2025.05.12,버섯,생표고,보통,16kg,64000,136000,102158,"4,658","97,500(104.8%)","98,215(104%)","51,750(197.4%)"
2025.05.12,버섯,생표고,하,16kg,40000,64000,54471,"6,471","48,000(113.5%)","57,857(94.1%)","45,714(119.2%)"
2025.05.12,버섯,생표고,특,1kg,10500,14500,11279,-580,"11,859(95.1%)","13,180(85.6%)","12,740(88.5%)"
2025.05.12,버섯,생표고,상,1kg,6750,10500,8231,-125,"8,356(98.5%)","9,183(89.6%)","7,920(103.9%)"
2025.05.12,버섯,생표고,보통,1kg,3500,6750,5095,546,"4,549(112%)","5,690(89.5%)","4,696(108.5%)"
2025.05.12,버섯,생표고,하,1kg,750,3500,2867,"1,000","1,867(153.6%)","2,871(99.9%)","2,429(118%)"
2025.05.12,버섯,생표고,특,4kg상자,32000,32000,32000,"2,250","29,750(107.6%)","39,125(81.8%)","29,000(110.3%)"
2025.05.12,버섯,생표고,상,4kg상자,28000,30000,29500,"4,643","24,857(118.7%)","30,659(96.2%)","29,000(101.7%)"
2025.05.12,버섯,생표고,보통,4kg상자,15000,28000,18800,-101,"18,901(99.5%)","18,813(99.9%)","24,750(76%)"
2025.05.12,버섯,생표고,하,4kg상자,6000,15000,10750,-315,"11,065(97.2%)","11,757(91.4%)","11,920(90.2%)"
2025.05.12,버섯,생표고,특,8kg,82000,100000,89200,"-1,400","90,600(98.5%)","104,038(85.7%)","98,750(90.3%)"
2025.05.12,버섯,생표고,상,8kg,54000,82000,63825,"-11,508","75,333(84.7%)","72,172(88.4%)","66,225(96.4%)"
2025.05.12,버섯,생표고,보통,8kg,28000,54000,39357,"3,585","35,772(110%)","40,481(97.2%)","37,887(103.9%)"
2025.05.12,버섯,생표고,하,8kg,12000,28000,20883,"11,261","9,622(217%)","20,331(102.7%)","14,065(148.5%)"
2025.05.12,버섯,팽이버섯,특,5kg상자,11000,11500,11101,-169,"11,270(98.5%)","11,471(96.8%)","16,000(69.4%)"
2025.05.12,버섯,팽이버섯,상,5kg상자,10500,11000,10705,19,"10,686(100.2%)","11,002(97.3%)","14,765(72.5%)"
2025.05.12,버섯,팽이버섯,보통,5kg상자,10000,10500,10194,28,"10,166(100.3%)","10,299(99%)","11,995(85%)"
2025.05.12,버섯,팽이버섯,하,5kg상자,9000,10000,9525,154,"9,371(101.6%)","9,568(99.6%)","10,105(94.3%)"
2025.05.12,버섯,만가닥버섯,특,1.5kg상자,8000,8000,8000,-138,"8,138(98.3%)","9,870(81.1%)","11,782(67.9%)"
2025.05.12,버섯,만가닥버섯,상,1.5kg상자,7000,8000,7303,21,"7,282(100.3%)","8,411(86.8%)","7,026(103.9%)"
2025.05.12,버섯,만가닥버섯,보통,1.5kg상자,3000,7000,4932,125,"4,807(102.6%)","4,639(106.3%)","5,637(87.5%)"
2025.05.12,버섯,만가닥버섯,하,1.5kg상자,3000,3000,3000,59,"2,941(102%)","2,904(103.3%)","4,138(72.5%)"
2025.05.12,버섯,맛느타리버섯,특,2kg상자,6500,6500,6500,-100,"6,600(98.5%)","7,414(87.7%)","10,000(65%)"
2025.05.12,버섯,맛느타리버섯,상,2kg상자,5500,6500,5989,477,"5,512(108.7%)","5,935(100.9%)","9,062(66.1%)"
2025.05.12,버섯,맛느타리버섯,보통,2kg상자,4200,5500,4827,388,"4,439(108.7%)","4,768(101.2%)","7,916(61%)"
2025.05.12,버섯,맛느타리버섯,하,2kg상자,3900,4200,4054,242,"3,812(106.3%)","4,079(99.4%)","6,058(66.9%)"
2025.05.12,버섯,꽃느타리버섯,특,2kg상자,6000,6000,6000,-130,"6,130(97.9%)","6,190(96.9%)","6,328(94.8%)"
2025.05.12,버섯,꽃느타리버섯,상,2kg상자,5500,6000,5619,-320,"5,939(94.6%)","5,838(96.2%)","5,497(102.2%)"
2025.05.12,버섯,꽃느타리버섯,보통,2kg상자,4800,5500,5101,-429,"5,530(92.2%)","5,391(94.6%)","4,627(110.2%)"
2025.05.12,버섯,꽃느타리버섯,하,2kg상자,2200,4800,3714,-47,"3,761(98.8%)","3,526(105.3%)","3,066(121.1%)"
2025.05.12,버섯,생표고 수입,특,4kg상자,25000,25000,25000,"1,000","24,000(104.2%)","24,576(101.7%)","25,000(100%)"
2025.05.12,버섯,생표고 수입,상,4kg상자,23000,25000,23846,986,"22,860(104.3%)","23,905(99.8%)","24,219(98.5%)"
2025.05.12,버섯,생표고 수입,보통,4kg상자,18000,23000,20620,-967,"21,587(95.5%)","22,781(90.5%)","21,092(97.8%)"
2025.05.12,버섯,생표고 수입,하,4kg상자,16000,18000,17909,"-2,851","20,760(86.3%)","21,481(83.4%)","19,579(91.5%)"
2025.05.12,콩류,완두콩,상,4Kg그물망,21500,26500,22623,-11,"22,634(100%)","22,675(99.8%)","22,858(99%)"
2025.05.12,콩류,완두콩,보통,4Kg그물망,20000,21500,20720,-208,"20,928(99%)","21,089(98.3%)","19,522(106.1%)"
2025.05.12,콩류,완두콩,하,4Kg그물망,12000,20000,17092,"-1,542","18,634(91.7%)","19,190(89.1%)","16,077(106.3%)"
2025.05.12,사과,사과 부사,특,10kg상자,136000,180000,150852,"99,004","51,848(291%)","99,747(151.2%)","113,725(132.6%)"
2025.05.12,사과,사과 부사,상,10kg상자,58000,136000,77145,"31,594","45,551(169.4%)","65,992(116.9%)","88,899(86.8%)"
2025.05.12,사과,사과 부사,보통,10kg상자,40000,58000,46437,"6,696","39,741(116.8%)","45,943(101.1%)","57,573(80.7%)"
2025.05.12,사과,사과 부사,하,10kg상자,12000,40000,28936,"-1,829","30,765(94.1%)","27,561(105%)","30,300(95.5%)"
2025.05.12,사과,사과 미시마,특,10kg상자,102000,160000,121727,"2,575","119,152(102.2%)","134,474(90.5%)","152,305(79.9%)"
2025.05.12,사과,사과 미시마,상,10kg상자,58000,100000,69022,"-9,643","78,665(87.7%)","82,206(84%)","85,590(80.6%)"
2025.05.12,사과,사과 미시마,보통,10kg상자,34000,58000,46727,"-5,293","52,020(89.8%)","53,351(87.6%)","64,626(72.3%)"
2025.05.12,사과,사과 미시마,하,10kg상자,7000,34000,25411,"-4,537","29,948(84.9%)","31,282(81.2%)","45,682(55.6%)"
2025.05.12,사과,사과 미얀마,특,10kg상자,90000,90000,90000,"-1,714","91,714(98.1%)","85,662(105.1%)","110,827(81.2%)"
2025.05.12,사과,사과 미얀마,상,10kg상자,90000,90000,90000,"14,780","75,220(119.6%)","64,269(140%)","87,581(102.8%)"
2025.05.12,사과,사과 미얀마,보통,10kg상자,74000,90000,86313,"42,592","43,721(197.4%)","45,428(190%)","62,704(137.7%)"
2025.05.12,사과,사과 미얀마,하,10kg상자,38000,74000,62488,"33,081","29,407(212.5%)","30,022(208.1%)","32,469(192.5%)"
2025.05.12,사과,사과 미야비,특,10kg상자,65000,100000,74981,"-14,834","89,815(83.5%)","89,815(83.5%)",0
2025.05.12,사과,사과 미야비,상,10kg상자,61000,65000,63066,"-8,189","71,255(88.5%)","71,255(88.5%)",0
2025.05.12,사과,사과 미야비,보통,10kg상자,42000,61000,53771,"-13,921","67,692(79.4%)","67,692(79.4%)",0
2025.05.12,사과,사과 미야비,하,10kg상자,10000,42000,31468,"-17,543","49,011(64.2%)","49,011(64.2%)",0
2025.05.12,배,배 신고,특,15kg상자,85000,128000,101905,"40,259","61,646(165.3%)","96,087(106.1%)","136,423(74.7%)"
2025.05.12,배,배 신고,상,15kg상자,38000,85000,51644,"6,582","45,062(114.6%)","55,856(92.5%)","111,976(46.1%)"
2025.05.12,배,배 신고,보통,15kg상자,22000,38000,29704,"-3,253","32,957(90.1%)","36,035(82.4%)","82,799(35.9%)"
2025.05.12,배,배 신고,하,15kg상자,3000,22000,15017,"-9,374","24,391(61.6%)","18,283(82.1%)","50,045(30%)"
2025.05.12,복숭아,복숭아 산정백도(백),특,2.5kg상자,130000,130000,130000,"""""","130,000(100%)","130,000(100%)",0
2025.05.12,복숭아,복숭아 산정백도(백),상,2.5kg상자,120000,130000,122500,"-1,786","124,286(98.6%)","122,977(99.6%)",0
2025.05.12,복숭아,복숭아 산정백도(백),보통,2.5kg상자,70000,120000,100833,"-13,167","114,000(88.5%)","112,000(90%)",0
2025.05.12,복숭아,복숭아 산정백도(백),하,2.5kg상자,30000,70000,41273,"-58,727","100,000(41.3%)","92,500(44.6%)",0
2025.05.12,복숭아,복숭아 그린황도(황),특,2.5kg상자,130000,130000,130000,"""""","130,000(100%)","130,000(100%)",0
2025.05.12,복숭아,복숭아 그린황도(황),상,2.5kg상자,120000,130000,123846,-440,"124,286(99.6%)","122,977(100.7%)",0
2025.05.12,복숭아,복숭아 그린황도(황),보통,2.5kg상자,100000,120000,112000,"-2,000","114,000(98.2%)","112,000(100%)",0
2025.05.12,복숭아,복숭아 그린황도(황),하,2.5kg상자,70000,90000,81111,"-18,889","100,000(81.1%)","92,500(87.7%)",0
2025.05.12,복숭아,복숭아 대옥계(백),특,2.5kg상자,130000,130000,130000,"""""","130,000(100%)","130,000(100%)",0
2025.05.12,복숭아,복숭아 대옥계(백),상,2.5kg상자,120000,130000,123846,-440,"124,286(99.6%)","122,977(100.7%)",0
2025.05.12,복숭아,복숭아 대옥계(백),보통,2.5kg상자,100000,120000,112000,"-2,000","114,000(98.2%)","112,000(100%)",0
2025.05.12,복숭아,복숭아 대옥계(백),하,2.5kg상자,70000,90000,81111,"-18,889","100,000(81.1%)","92,500(87.7%)",0
2025.05.12,복숭아,복숭아 몽부사(백),특,2.5kg상자,130000,130000,130000,"""""","130,000(100%)","130,000(100%)",0
2025.05.12,복숭아,복숭아 몽부사(백),상,2.5kg상자,120000,130000,123846,-440,"124,286(99.6%)","122,977(100.7%)",0
2025.05.12,복숭아,복숭아 몽부사(백),보통,2.5kg상자,100000,120000,112000,"-2,000","114,000(98.2%)","112,000(100%)",0
2025.05.12,복숭아,복숭아 몽부사(백),하,2.5kg상자,70000,90000,81111,"-18,889","100,000(81.1%)","92,500(87.7%)",0
2025.05.12,포도,포도 델라웨어,특,2kg상자,43000,43000,43000,"-2,000","45,000(95.6%)","52,200(82.4%)","45,000(95.6%)"
2025.05.12,포도,포도 델라웨어,상,2kg상자,42000,43000,42956,"-2,044","45,000(95.5%)","52,200(82.3%)","45,000(95.5%)"
2025.05.12,포도,포도 델라웨어,보통,2kg상자,18000,42000,34463,"-10,537","45,000(76.6%)","51,212(67.3%)","45,000(76.6%)"
2025.05.12,포도,포도 델라웨어,하,2kg상자,12000,18000,13000,"-29,875","42,875(30.3%)","48,575(26.8%)","45,000(28.9%)"
2025.05.12,포도,포도 샤인머스캣,특,2kg상자,10000,10000,10000,"""""","10,000(100%)","9,917(100.8%)",0
2025.05.12,포도,포도 샤인머스캣,상,2kg상자,7000,10000,8685,"""""","8,685(100%)","8,742(99.3%)",0
2025.05.12,포도,포도 샤인머스캣,보통,2kg상자,6000,7000,6445,"""""","6,445(100%)","6,782(95%)",0
2025.05.12,포도,포도 샤인머스캣,하,2kg상자,4000,6000,5340,"""""","5,340(100%)","5,499(97.1%)",0
2025.05.12,포도,포도 샤인머스캣,특,4kg상자,25000,25000,25000,"""""","25,000(100%)","24,718(101.1%)",0
2025.05.12,포도,포도 샤인머스캣,상,4kg상자,24000,25000,24989,"""""","24,989(100%)","24,101(103.7%)",0
2025.05.12,포도,포도 샤인머스캣,보통,4kg상자,17000,24000,21685,"""""","21,685(100%)","20,646(105%)",0
2025.05.12,포도,포도 샤인머스캣,하,4kg상자,8000,17000,14534,"""""","14,534(100%)","14,099(103.1%)",0
2025.05.12,포도,포도 수입,특,8kg상자,42000,46000,45029,"-4,255","49,284(91.4%)","45,995(97.9%)","75,813(59.4%)"
2025.05.12,포도,포도 수입,상,8kg상자,23000,42000,32284,"-9,427","41,711(77.4%)","35,389(91.2%)","63,171(51.1%)"
2025.05.12,포도,포도 수입,보통,8kg상자,21000,23000,21086,"-2,667","23,753(88.8%)","23,048(91.5%)","48,212(43.7%)"
2025.05.12,포도,포도 수입,하,8kg상자,13000,21000,20478,"15,242","5,236(391.1%)","15,103(135.6%)","42,000(48.8%)"
2025.05.12,감귤,감귤,특,3kg상자,40000,40000,40000,"40,000",0,0,"47,000(85.1%)"
2025.05.12,감귤,감귤,상,3kg상자,40000,40000,40000,"40,000",0,0,"44,215(90.5%)"
2025.05.12,감귤,감귤,보통,3kg상자,37000,40000,38531,"38,531",0,0,"30,957(124.5%)"
2025.05.12,감귤,감귤,하,3kg상자,13000,37000,25000,"25,000",0,0,"27,694(90.3%)"
2025.05.12,감귤,감귤 하우스,특,3kg상자,40000,40000,40000,"40,000",0,0,"47,000(85.1%)"
2025.05.12,감귤,감귤 하우스,상,3kg상자,40000,40000,40000,"40,000",0,0,"44,215(90.5%)"
2025.05.12,감귤,감귤 하우스,보통,3kg상자,37000,40000,38531,"38,531",0,0,"30,957(124.5%)"
2025.05.12,감귤,감귤 하우스,하,3kg상자,13000,37000,25000,"25,000",0,0,"27,694(90.3%)"
2025.05.12,만감,만감 한라봉,특,9kg상자,33000,35000,33444,"""""","33,444(100%)","39,815(84%)",0
2025.05.12,만감,만감 한라봉,상,9kg상자,30000,33000,30201,"""""","30,201(100%)","36,335(83.1%)",0
2025.05.12,만감,만감 한라봉,보통,9kg상자,28000,30000,28923,"""""","28,923(100%)","29,534(97.9%)",0
2025.05.12,만감,만감 한라봉,하,9kg상자,21000,28000,27746,"""""","27,746(100%)","24,318(114.1%)",0
2025.05.12,만감,만감 천혜향,특,3kg상자,18000,18000,18000,"""""","18,000(100%)","18,500(97.3%)",0
2025.05.12,만감,만감 천혜향,상,3kg상자,9000,18000,11218,"""""","11,218(100%)","12,957(86.6%)",0
2025.05.12,만감,만감 천혜향,보통,3kg상자,9000,9000,9000,"""""","9,000(100%)","10,516(85.6%)",0
2025.05.12,만감,만감 천혜향,하,3kg상자,9000,9000,9000,"""""","9,000(100%)","9,987(90.1%)",0
2025.05.12,만감,만감 천혜향,특,9kg상자,55000,55000,55000,"""""","55,000(100%)","53,718(102.4%)",0
2025.05.12,만감,만감 천혜향,상,9kg상자,33000,55000,44491,"""""","44,491(100%)","46,019(96.7%)",0
2025.05.12,만감,만감 천혜향,보통,9kg상자,22000,33000,27083,"""""","27,083(100%)","35,272(76.8%)",0
2025.05.12,만감,만감 천혜향,하,9kg상자,11000,22000,13227,"""""","13,227(100%)","24,071(54.9%)",0
2025.05.12,자두,자두 대석,특,1.5kg상자,40000,45000,43333,"-1,667","45,000(96.3%)","51,111(84.8%)","50,000(86.7%)"
2025.05.12,자두,자두 대석,상,1.5kg상자,35000,40000,39722,"-4,653","44,375(89.5%)","48,125(82.5%)","45,905(86.5%)"
2025.05.12,자두,자두 대석,보통,1.5kg상자,30000,35000,32222,"-5,972","38,194(84.4%)","43,139(74.7%)","39,626(81.3%)"
2025.05.12,자두,자두 대석,하,1.5kg상자,13000,30000,25458,145,"25,313(100.6%)","38,438(66.2%)","29,156(87.3%)"
2025.05.12,살구,살구 개량,특,6kg상자,120000,120000,120000,"120,000",0,0,"120,000(100%)"
2025.05.12,살구,살구 개량,상,6kg상자,120000,120000,120000,"120,000",0,0,"120,000(100%)"
2025.05.12,살구,살구 개량,보통,6kg상자,84000,120000,104585,"104,585",0,0,"106,800(97.9%)"
2025.05.12,살구,살구 개량,하,6kg상자,72000,84000,76000,"76,000",0,0,"96,000(79.2%)"
2025.05.12,키위,그린키위 국산,특,10kg상자,30000,35000,32800,"""""","32,800(100%)","32,800(100%)",0
2025.05.12,키위,그린키위 국산,상,10kg상자,26000,30000,28296,"""""","28,296(100%)","28,296(100%)",0
2025.05.12,키위,그린키위 국산,보통,10kg상자,25000,26000,25450,"""""","25,450(100%)","25,450(100%)",0
2025.05.12,키위,그린키위 국산,하,10kg상자,6000,25000,20278,"""""","20,278(100%)","20,278(100%)",0
2025.05.12,바나나,바나나 수입,특,13kg상자,31000,38000,33478,-221,"33,699(99.3%)","33,790(99.1%)","33,602(99.6%)"
2025.05.12,바나나,바나나 수입,상,13kg상자,26000,31000,28107,265,"27,842(101%)","28,222(99.6%)","24,538(114.5%)"
2025.05.12,바나나,바나나 수입,보통,13kg상자,15000,26000,20446,98,"20,348(100.5%)","21,954(93.1%)","16,605(123.1%)"
2025.05.12,바나나,바나나 수입,하,13kg상자,7000,15000,13741,786,"12,955(106.1%)","13,267(103.6%)","9,704(141.6%)"
2025.05.12,바나나,바나나 수입,특,7kg상자,7000,7000,7000,"""""","7,000(100%)","8,000(87.5%)",0
2025.05.12,바나나,바나나 수입,상,7kg상자,7000,7000,7000,"""""","7,000(100%)","8,000(87.5%)",0
2025.05.12,바나나,바나나 수입,보통,7kg상자,7000,7000,7000,"""""","7,000(100%)","8,000(87.5%)",0
2025.05.12,바나나,바나나 수입,하,7kg상자,7000,7000,7000,"""""","7,000(100%)","8,000(87.5%)",0
2025.05.12,파인애플,파인애플 수입,특,12kg상자,30000,30000,30000,"""""","30,000(100%)","30,391(98.7%)","28,576(105%)"
2025.05.12,파인애플,파인애플 수입,상,12kg상자,27000,30000,28670,-982,"29,652(96.7%)","29,548(97%)","26,758(107.1%)"
2025.05.12,파인애플,파인애플 수입,보통,12kg상자,21000,27000,26750,307,"26,443(101.2%)","27,457(97.4%)","22,413(119.4%)"
2025.05.12,파인애플,파인애플 수입,하,12kg상자,20000,21000,20167,"1,016","19,151(105.3%)","23,058(87.5%)","20,000(100.8%)"
2025.05.12,파인애플,골드파인애플 수입,특,12kg상자,30000,30000,30000,"-1,021","31,021(96.7%)","30,523(98.3%)","28,865(103.9%)"
2025.05.12,파인애플,골드파인애플 수입,상,12kg상자,30000,30000,30000,"""""","30,000(100%)","29,439(101.9%)","23,807(126%)"
2025.05.12,파인애플,골드파인애플 수입,보통,12kg상자,26000,30000,28938,-183,"29,121(99.4%)","27,991(103.4%)","20,821(139%)"
2025.05.12,파인애플,골드파인애플 수입,하,12kg상자,26000,26000,26000,"-1,222","27,222(95.5%)","25,452(102.2%)","12,476(208.4%)"
2025.05.12,산딸기,산딸기 국산,특,1kg상자,43000,43000,43000,"-11,347","54,347(79.1%)","49,932(86.1%)","45,469(94.6%)"
2025.05.12,산딸기,산딸기 국산,상,1kg상자,30000,43000,33871,"-14,897","48,768(69.5%)","43,736(77.4%)","40,177(84.3%)"
2025.05.12,산딸기,산딸기 국산,보통,1kg상자,20000,30000,24962,"-13,178","38,140(65.4%)","34,843(71.6%)","35,106(71.1%)"
2025.05.12,산딸기,산딸기 국산,하,1kg상자,7000,20000,13809,"-10,276","24,085(57.3%)","23,192(59.5%)","22,331(61.8%)"
2025.05.12,오디,오디 국산,특,0.25kg,4500,4500,4500,"-1,500","6,000(75%)","5,563(80.9%)",0
2025.05.12,오디,오디 국산,상,0.25kg,4500,4500,4500,"-1,500","6,000(75%)","4,470(100.7%)",0
2025.05.12,오디,오디 국산,보통,0.25kg,4000,4500,4413,"-1,587","6,000(73.6%)","3,671(120.2%)",0
2025.05.12,오디,오디 국산,하,0.25kg,3750,4000,3842,"-1,332","5,174(74.3%)","3,279(117.2%)",0
2025.05.12,오디,오디 국산,특,1kg,18000,18000,18000,"-6,000","24,000(75%)","22,180(81.2%)",0
2025.05.12,오디,오디 국산,상,1kg,18000,18000,18000,"-6,000","24,000(75%)","17,870(100.7%)",0
2025.05.12,오디,오디 국산,보통,1kg,16000,18000,17650,"-6,350","24,000(73.5%)","14,686(120.2%)",0
2025.05.12,오디,오디 국산,하,1kg,15000,16000,15367,"-5,062","20,429(75.2%)","13,072(117.6%)",0
2025.05.12,오렌지,오렌지 네블 수입,특,17kg상자,66000,69000,68103,832,"67,271(101.2%)","65,491(104%)","67,862(100.4%)"
2025.05.12,오렌지,오렌지 네블 수입,상,17kg상자,56000,66000,59593,"-2,221","61,814(96.4%)","56,912(104.7%)","62,422(95.5%)"
2025.05.12,오렌지,오렌지 네블 수입,보통,17kg상자,50000,56000,54046,"5,868","48,178(112.2%)","46,159(117.1%)","50,333(107.4%)"
2025.05.12,오렌지,오렌지 네블 수입,하,17kg상자,42000,50000,45200,"1,573","43,627(103.6%)","40,756(110.9%)","30,000(150.7%)"
2025.05.12,오렌지,오렌지 네블 수입,특,18kg상자,66000,68000,66417,-637,"67,054(99.1%)","61,829(107.4%)","63,000(105.4%)"
2025.05.12,오렌지,오렌지 네블 수입,상,18kg상자,50000,66000,56979,"1,923","55,056(103.5%)","54,810(104%)","62,331(91.4%)"
2025.05.12,오렌지,오렌지 네블 수입,보통,18kg상자,40000,50000,43345,"-2,901","46,246(93.7%)","44,821(96.7%)","60,409(71.8%)"
2025.05.12,오렌지,오렌지 네블 수입,하,18kg상자,18000,40000,33589,"-7,615","41,204(81.5%)","38,621(87%)","58,744(57.2%)"
2025.05.12,망고,망고 국산,특,3kg상자,180000,180000,180000,"""""","180,000(100%)","180,714(99.6%)","165,429(108.8%)"
2025.05.12,망고,망고 국산,상,3kg상자,160000,180000,173333,"""""","173,333(100%)","177,423(97.7%)","155,295(111.6%)"
2025.05.12,망고,망고 국산,보통,3kg상자,125000,160000,134741,"""""","134,741(100%)","156,030(86.4%)","140,940(95.6%)"
2025.05.12,망고,망고 국산,하,3kg상자,90000,125000,105577,"""""","105,577(100%)","114,937(91.9%)","104,138(101.4%)"
2025.05.12,망고,망고 수입,특,5kg상자,26000,31000,27280,"-4,248","31,528(86.5%)","30,986(88%)","36,375(75%)"
2025.05.12,망고,망고 수입,상,5kg상자,25000,26000,25253,"-1,376","26,629(94.8%)","26,527(95.2%)","29,086(86.8%)"
2025.05.12,망고,망고 수입,보통,5kg상자,22000,25000,23213,"7,530","15,683(148%)","21,929(105.9%)","27,911(83.2%)"
2025.05.12,망고,망고 수입,하,5kg상자,1000,22000,10598,"3,334","7,264(145.9%)","16,965(62.5%)","23,730(44.7%)"
2025.05.12,아보카도,아보카도 수입,특,5kg상자,27500,27500,27500,"""""","27,500(100%)","27,500(100%)","33,000(83.3%)"
2025.05.12,아보카도,아보카도 수입,상,5kg상자,15000,27500,24416,"""""","24,416(100%)","24,416(100%)","33,000(74%)"
2025.05.12,아보카도,아보카도 수입,보통,5kg상자,10000,15000,12764,"""""","12,764(100%)","12,764(100%)","29,304(43.6%)"
2025.05.12,아보카도,아보카도 수입,하,5kg상자,3750,10000,9732,"""""","9,732(100%)","9,732(100%)","11,607(83.8%)"
2025.05.12,블루베리,블루베리 국산,특,1kg,38000,64000,44572,325,"44,247(100.7%)","45,739(97.4%)","40,862(109.1%)"
2025.05.12,블루베리,블루베리 국산,상,1kg,31000,38000,32803,-774,"33,577(97.7%)","33,977(96.5%)","29,724(110.4%)"
2025.05.12,블루베리,블루베리 국산,보통,1kg,27000,31000,29240,-454,"29,694(98.5%)","30,109(97.1%)","24,091(121.4%)"
2025.05.12,블루베리,블루베리 국산,하,1kg,19000,27000,24783,49,"24,734(100.2%)","25,009(99.1%)","18,712(132.4%)"
